File,ChangeType,FileHuman,WorkingDir,PrevName,severity,severityIcon
Canvases/mule__dataloaderio_v2_oauth_c4s__dataloaderio_v2_oauth_c4sCanvas.Canvas-meta.xml,A,CanvasMetadata mule__dataloaderio_v2_oauth_c4s__dataloaderio_v2_oauth_c4sCanvas,,,log,ðŸ“°
apexEmailNotifications/apexEmailNotifications.notifications-meta.xml,A,apexEmailNotifications/apexEmailNotifications.notifications-meta.xml,,,log,ðŸ“°
appMenus/AppSwitcher.appMenu-meta.xml,A,AppMenu AppSwitcher,,,log,ðŸ“°
appMenus/Salesforce1.appMenu-meta.xml,A,AppMenu Salesforce1,,,log,ðŸ“°
applications/Dreamhouse.app-meta.xml,A,CustomApplication Dreamhouse,,,log,ðŸ“°
assignmentRules/Case.assignmentRules-meta.xml,A,AssignmentRules Case,,,log,ðŸ“°
assignmentRules/Lead.assignmentRules-meta.xml,A,AssignmentRules Lead,,,log,ðŸ“°
aura/auraPropertyListMap/auraPropertyListMap.cmp,A,AuraDefinitionBundle auraPropertyListMap/auraPropertyListMap.cmp,,,log,ðŸ“°
aura/auraPropertyListMap/auraPropertyListMap.cmp-meta.xml,A,AuraDefinitionBundle auraPropertyListMap/auraPropertyListMap.cmp-meta.xml,,,log,ðŸ“°
aura/auraPropertyListMap/auraPropertyListMap.css,A,AuraDefinitionBundle auraPropertyListMap/auraPropertyListMap.css,,,log,ðŸ“°
aura/auraPropertyListMap/auraPropertyListMap.design,A,AuraDefinitionBundle auraPropertyListMap/auraPropertyListMap.design,,,log,ðŸ“°
aura/auraPropertyListMap/auraPropertyListMapController.js,A,AuraDefinitionBundle auraPropertyListMap/auraPropertyListMapController.js,,,log,ðŸ“°
aura/auraPropertyListMap/auraPropertyListMapHelper.js,A,AuraDefinitionBundle auraPropertyListMap/auraPropertyListMapHelper.js,,,log,ðŸ“°
aura/auraPropertyListMap/auraPropertyListMapRenderer.js,A,AuraDefinitionBundle auraPropertyListMap/auraPropertyListMapRenderer.js,,,log,ðŸ“°
aura/pageTemplate_2_7_3/pageTemplate_2_7_3.cmp,A,AuraDefinitionBundle pageTemplate_2_7_3/pageTemplate_2_7_3.cmp,,,log,ðŸ“°
aura/pageTemplate_2_7_3/pageTemplate_2_7_3.cmp-meta.xml,A,AuraDefinitionBundle pageTemplate_2_7_3/pageTemplate_2_7_3.cmp-meta.xml,,,log,ðŸ“°
aura/pageTemplate_2_7_3/pageTemplate_2_7_3.design,A,AuraDefinitionBundle pageTemplate_2_7_3/pageTemplate_2_7_3.design,,,log,ðŸ“°
aura/pageTemplate_2_7_3/pageTemplate_2_7_3.svg,A,AuraDefinitionBundle pageTemplate_2_7_3/pageTemplate_2_7_3.svg,,,log,ðŸ“°
autoResponseRules/Case.autoResponseRules-meta.xml,A,AutoResponseRules Case,,,log,ðŸ“°
autoResponseRules/Lead.autoResponseRules-meta.xml,A,AutoResponseRules Lead,,,log,ðŸ“°
channelLayouts/Knowledge__kav.Channel_Mapping_Chat_Preconfigured.channelLayout-meta.xml,A,ChannelLayout Knowledge__kav.Channel_Mapping_Chat_Preconfigured,,,log,ðŸ“°
channelLayouts/Knowledge__kav.Channel_Mapping_Email_Preconfigured.channelLayout-meta.xml,A,ChannelLayout Knowledge__kav.Channel_Mapping_Email_Preconfigured,,,log,ðŸ“°
classes/FileUtilities.cls,A,ApexClass FileUtilities,,,log,ðŸ“°
classes/FileUtilities.cls-meta.xml,A,ApexClass FileUtilities,,,log,ðŸ“°
classes/FileUtilitiesTest.cls,A,ApexClass FileUtilitiesTest,,,log,ðŸ“°
classes/FileUtilitiesTest.cls-meta.xml,A,ApexClass FileUtilitiesTest,,,log,ðŸ“°
classes/GeocodingService.cls,A,ApexClass GeocodingService,,,log,ðŸ“°
classes/GeocodingService.cls-meta.xml,A,ApexClass GeocodingService,,,log,ðŸ“°
classes/GeocodingServiceTest.cls,A,ApexClass GeocodingServiceTest,,,log,ðŸ“°
classes/GeocodingServiceTest.cls-meta.xml,A,ApexClass GeocodingServiceTest,,,log,ðŸ“°
classes/PagedResult.cls,A,ApexClass PagedResult,,,log,ðŸ“°
classes/PagedResult.cls-meta.xml,A,ApexClass PagedResult,,,log,ðŸ“°
classes/PropertyController.cls,A,ApexClass PropertyController,,,log,ðŸ“°
classes/PropertyController.cls-meta.xml,A,ApexClass PropertyController,,,log,ðŸ“°
classes/SampleDataController.cls,A,ApexClass SampleDataController,,,log,ðŸ“°
classes/SampleDataController.cls-meta.xml,A,ApexClass SampleDataController,,,log,ðŸ“°
classes/TestPropertyController.cls,A,ApexClass TestPropertyController,,,log,ðŸ“°
classes/TestPropertyController.cls-meta.xml,A,ApexClass TestPropertyController,,,log,ðŸ“°
classes/TestSampleDataController.cls,A,ApexClass TestSampleDataController,,,log,ðŸ“°
classes/TestSampleDataController.cls-meta.xml,A,ApexClass TestSampleDataController,,,log,ðŸ“°
cleanDataServices/DataCloudGeoLocation.cleanDataService-meta.xml,A,CleanDataService DataCloudGeoLocation,,,log,ðŸ“°
communities/Internal Zone.community-meta.xml,A,Community Internal Zone,,,log,ðŸ“°
contentassets/BOTanicals.asset,A,ContentAsset BOTanicals,,,log,ðŸ“°
contentassets/BOTanicals.asset-meta.xml,A,ContentAsset BOTanicals,,,log,ðŸ“°
contentassets/dreamhouselogo.asset,A,ContentAsset dreamhouselogo,,,log,ðŸ“°
contentassets/dreamhouselogo.asset-meta.xml,A,ContentAsset dreamhouselogo,,,log,ðŸ“°
contentassets/dreamhouselogosquare.asset,A,ContentAsset dreamhouselogosquare,,,log,ðŸ“°
contentassets/dreamhouselogosquare.asset-meta.xml,A,ContentAsset dreamhouselogosquare,,,log,ðŸ“°
customPermissions/Onboarding_Lead.customPermission-meta.xml,A,CustomPermission Onboarding_Lead,,,log,ðŸ“°
dataSources/OrderDB.dataSource-meta.xml,A,ExternalDataSource OrderDB,,,log,ðŸ“°
email/Discount_Request_Responses.emailFolder-meta.xml,A,EmailTemplate Discount_Request_ResponsesFolder-meta.xml,,,log,ðŸ“°
email/Discount_Request_Responses/Discount_Approved.email,A,EmailTemplate Discount_Request_Responses/Discount_Approved,,,log,ðŸ“°
email/Discount_Request_Responses/Discount_Approved.email-meta.xml,A,EmailTemplate Discount_Request_Responses/Discount_Approved,,,log,ðŸ“°
email/Discount_Request_Responses/Discount_Rejected.email,A,EmailTemplate Discount_Request_Responses/Discount_Rejected,,,log,ðŸ“°
email/Discount_Request_Responses/Discount_Rejected.email-meta.xml,A,EmailTemplate Discount_Request_Responses/Discount_Rejected,,,log,ðŸ“°
email/unfiled$public/Account_Change_1711303166509.email,A,EmailTemplate unfiled$public/Account_Change_1711303166509,,,log,ðŸ“°
email/unfiled$public/Account_Change_1711303166509.email-meta.xml,A,EmailTemplate unfiled$public/Account_Change_1711303166509,,,log,ðŸ“°
email/unfiled$public/Case_Assigned_Sample_1714601664572.email,A,EmailTemplate unfiled$public/Case_Assigned_Sample_1714601664572,,,log,ðŸ“°
email/unfiled$public/Case_Assigned_Sample_1714601664572.email-meta.xml,A,EmailTemplate unfiled$public/Case_Assigned_Sample_1714601664572,,,log,ðŸ“°
email/unfiled$public/Case_Closed_Sample_1714601664740.email,A,EmailTemplate unfiled$public/Case_Closed_Sample_1714601664740,,,log,ðŸ“°
email/unfiled$public/Case_Closed_Sample_1714601664740.email-meta.xml,A,EmailTemplate unfiled$public/Case_Closed_Sample_1714601664740,,,log,ðŸ“°
email/unfiled$public/Case_Created_or_Updated_Sample_1714601664399.email,A,EmailTemplate unfiled$public/Case_Created_or_Updated_Sample_1714601664399,,,log,ðŸ“°
email/unfiled$public/Case_Created_or_Updated_Sample_1714601664399.email-meta.xml,A,EmailTemplate unfiled$public/Case_Created_or_Updated_Sample_1714601664399,,,log,ðŸ“°
email/unfiled$public/CommerceReorderPortalInvitation.email,A,EmailTemplate unfiled$public/CommerceReorderPortalInvitation,,,log,ðŸ“°
email/unfiled$public/CommerceReorderPortalInvitation.email-meta.xml,A,EmailTemplate unfiled$public/CommerceReorderPortalInvitation,,,log,ðŸ“°
email/unfiled$public/Email_to_Case_Sample_1714601664634.email,A,EmailTemplate unfiled$public/Email_to_Case_Sample_1714601664634,,,log,ðŸ“°
email/unfiled$public/Email_to_Case_Sample_1714601664634.email-meta.xml,A,EmailTemplate unfiled$public/Email_to_Case_Sample_1714601664634,,,log,ðŸ“°
email/unfiled$public/MarketingProductInquiryResponse.email,A,EmailTemplate unfiled$public/MarketingProductInquiryResponse,,,log,ðŸ“°
email/unfiled$public/MarketingProductInquiryResponse.email-meta.xml,A,EmailTemplate unfiled$public/MarketingProductInquiryResponse,,,log,ðŸ“°
email/unfiled$public/SUPPORTSelfServiceNewCommentNotificationSAMPLE.email,A,EmailTemplate unfiled$public/SUPPORTSelfServiceNewCommentNotificationSAMPLE,,,log,ðŸ“°
email/unfiled$public/SUPPORTSelfServiceNewCommentNotificationSAMPLE.email-meta.xml,A,EmailTemplate unfiled$public/SUPPORTSelfServiceNewCommentNotificationSAMPLE,,,log,ðŸ“°
email/unfiled$public/SUPPORTSelfServiceNewUserLoginInformationSAMPLE.email,A,EmailTemplate unfiled$public/SUPPORTSelfServiceNewUserLoginInformationSAMPLE,,,log,ðŸ“°
email/unfiled$public/SUPPORTSelfServiceNewUserLoginInformationSAMPLE.email-meta.xml,A,EmailTemplate unfiled$public/SUPPORTSelfServiceNewUserLoginInformationSAMPLE,,,log,ðŸ“°
email/unfiled$public/SUPPORTSelfServiceResetPasswordSAMPLE.email,A,EmailTemplate unfiled$public/SUPPORTSelfServiceResetPasswordSAMPLE,,,log,ðŸ“°
email/unfiled$public/SUPPORTSelfServiceResetPasswordSAMPLE.email-meta.xml,A,EmailTemplate unfiled$public/SUPPORTSelfServiceResetPasswordSAMPLE,,,log,ðŸ“°
email/unfiled$public/SalesNewCustomerEmail.email,A,EmailTemplate unfiled$public/SalesNewCustomerEmail,,,log,ðŸ“°
email/unfiled$public/SalesNewCustomerEmail.email-meta.xml,A,EmailTemplate unfiled$public/SalesNewCustomerEmail,,,log,ðŸ“°
email/unfiled$public/SupportCaseAssignmentNotification.email,A,EmailTemplate unfiled$public/SupportCaseAssignmentNotification,,,log,ðŸ“°
email/unfiled$public/SupportCaseAssignmentNotification.email-meta.xml,A,EmailTemplate unfiled$public/SupportCaseAssignmentNotification,,,log,ðŸ“°
email/unfiled$public/SupportCaseCreatedPhoneInquiries.email,A,EmailTemplate unfiled$public/SupportCaseCreatedPhoneInquiries,,,log,ðŸ“°
email/unfiled$public/SupportCaseCreatedPhoneInquiries.email-meta.xml,A,EmailTemplate unfiled$public/SupportCaseCreatedPhoneInquiries,,,log,ðŸ“°
email/unfiled$public/SupportCaseCreatedWebInquiries.email,A,EmailTemplate unfiled$public/SupportCaseCreatedWebInquiries,,,log,ðŸ“°
email/unfiled$public/SupportCaseCreatedWebInquiries.email-meta.xml,A,EmailTemplate unfiled$public/SupportCaseCreatedWebInquiries,,,log,ðŸ“°
email/unfiled$public/SupportCaseResponse.email,A,EmailTemplate unfiled$public/SupportCaseResponse,,,log,ðŸ“°
email/unfiled$public/SupportCaseResponse.email-meta.xml,A,EmailTemplate unfiled$public/SupportCaseResponse,,,log,ðŸ“°
email/unfiled$public/SupportEscalatedCaseNotification.email,A,EmailTemplate unfiled$public/SupportEscalatedCaseNotification,,,log,ðŸ“°
email/unfiled$public/SupportEscalatedCaseNotification.email-meta.xml,A,EmailTemplate unfiled$public/SupportEscalatedCaseNotification,,,log,ðŸ“°
email/unfiled$public/SupportEscalatedCaseReassignment.email,A,EmailTemplate unfiled$public/SupportEscalatedCaseReassignment,,,log,ðŸ“°
email/unfiled$public/SupportEscalatedCaseReassignment.email-meta.xml,A,EmailTemplate unfiled$public/SupportEscalatedCaseReassignment,,,log,ðŸ“°
email/unfiled$public/SupportSelfServiceNewLoginandPassword.email,A,EmailTemplate unfiled$public/SupportSelfServiceNewLoginandPassword,,,log,ðŸ“°
email/unfiled$public/SupportSelfServiceNewLoginandPassword.email-meta.xml,A,EmailTemplate unfiled$public/SupportSelfServiceNewLoginandPassword,,,log,ðŸ“°
email/unfiled$public/SupportSelfServiceResetPassword.email,A,EmailTemplate unfiled$public/SupportSelfServiceResetPassword,,,log,ðŸ“°
email/unfiled$public/SupportSelfServiceResetPassword.email-meta.xml,A,EmailTemplate unfiled$public/SupportSelfServiceResetPassword,,,log,ðŸ“°
email/unfiled$public/Web_to_Case_Sample_1714601664689.email,A,EmailTemplate unfiled$public/Web_to_Case_Sample_1714601664689,,,log,ðŸ“°
email/unfiled$public/Web_to_Case_Sample_1714601664689.email-meta.xml,A,EmailTemplate unfiled$public/Web_to_Case_Sample_1714601664689,,,log,ðŸ“°
emailservices/EmailToCase.xml-meta.xml,A,EmailServicesFunction EmailToCase,,,log,ðŸ“°
entitlementProcesses/standard case.entitlementProcess-meta.xml,A,EntitlementProcess standard case,,,log,ðŸ“°
escalationRules/Case.escalationRules-meta.xml,A,EscalationRules Case,,,log,ðŸ“°
flexipages/Broker_Record_Page.flexipage-meta.xml,A,FlexiPage Broker_Record_Page,,,log,ðŸ“°
flexipages/Property_Explorer.flexipage-meta.xml,A,FlexiPage Property_Explorer,,,log,ðŸ“°
flexipages/Property_Finder.flexipage-meta.xml,A,FlexiPage Property_Finder,,,log,ðŸ“°
flexipages/Property_Record_Page.flexipage-meta.xml,A,FlexiPage Property_Record_Page,,,log,ðŸ“°
flexipages/Settings.flexipage-meta.xml,A,FlexiPage Settings,,,log,ðŸ“°
flowDefinitions/Add_Generator_Product_to_Named_Opps.flowDefinition-meta.xml,A,FlowDefinition Add_Generator_Product_to_Named_Opps,,,log,ðŸ“°
flowDefinitions/Add_VIP_to_Description.flowDefinition-meta.xml,A,FlowDefinition Add_VIP_to_Description,,,log,ðŸ“°
flowDefinitions/Case_Priority_is_High.flowDefinition-meta.xml,A,FlowDefinition Case_Priority_is_High,,,log,ðŸ“°
flowDefinitions/Check_New_Lead_for_Matching_Account.flowDefinition-meta.xml,A,FlowDefinition Check_New_Lead_for_Matching_Account,,,log,ðŸ“°
flowDefinitions/Convert_to_Customer.flowDefinition-meta.xml,A,FlowDefinition Convert_to_Customer,,,log,ðŸ“°
flowDefinitions/Copy_Account_Phone_to_New_Contact.flowDefinition-meta.xml,A,FlowDefinition Copy_Account_Phone_to_New_Contact,,,log,ðŸ“°
flowDefinitions/Create_Follow_Up_on_New_Prospect.flowDefinition-meta.xml,A,FlowDefinition Create_Follow_Up_on_New_Prospect,,,log,ðŸ“°
flowDefinitions/Create_Follow_Up_with_Decision_Maker.flowDefinition-meta.xml,A,FlowDefinition Create_Follow_Up_with_Decision_Maker,,,log,ðŸ“°
flowDefinitions/Create_property.flowDefinition-meta.xml,A,FlowDefinition Create_property,,,log,ðŸ“°
flowDefinitions/Fetch_Related_Records.flowDefinition-meta.xml,A,FlowDefinition Fetch_Related_Records,,,log,ðŸ“°
flowDefinitions/Load_Sample_Data.flowDefinition-meta.xml,A,FlowDefinition Load_Sample_Data,,,log,ðŸ“°
flowDefinitions/Onboarding_Project_Initiation.flowDefinition-meta.xml,A,FlowDefinition Onboarding_Project_Initiation,,,log,ðŸ“°
flowDefinitions/Post_to_Chatter.flowDefinition-meta.xml,A,FlowDefinition Post_to_Chatter,,,log,ðŸ“°
flowDefinitions/Post_to_Chatter_on_Account_Change_en_send_email.flowDefinition-meta.xml,A,FlowDefinition Post_to_Chatter_on_Account_Change_en_send_email,,,log,ðŸ“°
flowDefinitions/Review_Opportunity_with_Account_Owner.flowDefinition-meta.xml,A,FlowDefinition Review_Opportunity_with_Account_Owner,,,log,ðŸ“°
flowDefinitions/Set_Case_Priority.flowDefinition-meta.xml,A,FlowDefinition Set_Case_Priority,,,log,ðŸ“°
flowDefinitions/Subflow_Create_Generator_Opp_Product.flowDefinition-meta.xml,A,FlowDefinition Subflow_Create_Generator_Opp_Product,,,log,ðŸ“°
flowDefinitions/Test6.flowDefinition-meta.xml,A,FlowDefinition Test6,,,log,ðŸ“°
flowDefinitions/Variables.flowDefinition-meta.xml,A,FlowDefinition Variables,,,log,ðŸ“°
flowDefinitions/test.flowDefinition-meta.xml,A,FlowDefinition test,,,log,ðŸ“°
flowDefinitions/test2.flowDefinition-meta.xml,A,FlowDefinition test2,,,log,ðŸ“°
flowDefinitions/test_chatter.flowDefinition-meta.xml,A,FlowDefinition test_chatter,,,log,ðŸ“°
flows/Add_Generator_Product_to_Named_Opps.flow-meta.xml,A,Flow Add_Generator_Product_to_Named_Opps,,,log,ðŸ“°
flows/Add_VIP_to_Description.flow-meta.xml,A,Flow Add_VIP_to_Description,,,log,ðŸ“°
flows/Case_Priority_is_High.flow-meta.xml,A,Flow Case_Priority_is_High,,,log,ðŸ“°
flows/Check_New_Lead_for_Matching_Account.flow-meta.xml,A,Flow Check_New_Lead_for_Matching_Account,,,log,ðŸ“°
flows/Convert_to_Customer.flow-meta.xml,A,Flow Convert_to_Customer,,,log,ðŸ“°
flows/Copy_Account_Phone_to_New_Contact.flow-meta.xml,A,Flow Copy_Account_Phone_to_New_Contact,,,log,ðŸ“°
flows/Create_Follow_Up_on_New_Prospect.flow-meta.xml,A,Flow Create_Follow_Up_on_New_Prospect,,,log,ðŸ“°
flows/Create_Follow_Up_with_Decision_Maker.flow-meta.xml,A,Flow Create_Follow_Up_with_Decision_Maker,,,log,ðŸ“°
flows/Create_property.flow-meta.xml,A,Flow Create_property,,,log,ðŸ“°
flows/Fetch_Related_Records.flow-meta.xml,A,Flow Fetch_Related_Records,,,log,ðŸ“°
flows/Load_Sample_Data.flow-meta.xml,A,Flow Load_Sample_Data,,,log,ðŸ“°
flows/Onboarding_Project_Initiation.flow-meta.xml,A,Flow Onboarding_Project_Initiation,,,log,ðŸ“°
flows/Post_to_Chatter.flow-meta.xml,A,Flow Post_to_Chatter,,,log,ðŸ“°
flows/Post_to_Chatter_on_Account_Change_en_send_email.flow-meta.xml,A,Flow Post_to_Chatter_on_Account_Change_en_send_email,,,log,ðŸ“°
flows/Review_Opportunity_with_Account_Owner.flow-meta.xml,A,Flow Review_Opportunity_with_Account_Owner,,,log,ðŸ“°
flows/Set_Case_Priority.flow-meta.xml,A,Flow Set_Case_Priority,,,log,ðŸ“°
flows/Subflow_Create_Generator_Opp_Product.flow-meta.xml,A,Flow Subflow_Create_Generator_Opp_Product,,,log,ðŸ“°
flows/Test6.flow-meta.xml,A,Flow Test6,,,log,ðŸ“°
flows/Variables.flow-meta.xml,A,Flow Variables,,,log,ðŸ“°
flows/test.flow-meta.xml,A,Flow test,,,log,ðŸ“°
flows/test2.flow-meta.xml,A,Flow test2,,,log,ðŸ“°
flows/test_chatter.flow-meta.xml,A,Flow test_chatter,,,log,ðŸ“°
globalValueSets/Competitor.globalValueSet-meta.xml,A,GlobalValueSet Competitor,,,log,ðŸ“°
groups/Lead_Routing.group-meta.xml,A,Group Lead_Routing,,,log,ðŸ“°
homePageLayouts/DE Default.homePageLayout-meta.xml,A,HomePageLayout DE Default,,,log,ðŸ“°
iframeWhiteListUrlSettings/IframeWhiteListUrlSettings.iframeWhiteListUrlSettings-meta.xml,A,IframeWhiteListUrlSettings IframeWhiteListUrlSettings,,,log,ðŸ“°
layouts/Account-Account %28Marketing%29 Layout.layout-meta.xml," ",Layout Account-Account %28Marketing%29 Layout,M,,log,ðŸ“°
layouts/Account-Account %28Sales%29 Layout.layout-meta.xml," ",Layout Account-Account %28Sales%29 Layout,M,,log,ðŸ“°
layouts/Account-Account %28Support%29 Layout.layout-meta.xml," ",Layout Account-Account %28Support%29 Layout,M,,log,ðŸ“°
layouts/Account-Account Layout %28BOTanicals%29.layout-meta.xml," ",Layout Account-Account Layout %28BOTanicals%29,M,,log,ðŸ“°
layouts/Account-Account Layout.layout-meta.xml," ",Layout Account-Account Layout,M,,log,ðŸ“°
layouts/Broker__c-Broker Layout.layout-meta.xml,A,Layout Broker__c-Broker Layout,,,log,ðŸ“°
layouts/Property__c-Property Layout.layout-meta.xml,A,Layout Property__c-Property Layout,,,log,ðŸ“°
lwc/barcodeScanner/barcodeScanner.html,A,LightningComponentBundle barcodeScanner/barcodeScanner.html,,,log,ðŸ“°
lwc/barcodeScanner/barcodeScanner.js,A,LightningComponentBundle barcodeScanner/barcodeScanner.js,,,log,ðŸ“°
lwc/barcodeScanner/barcodeScanner.js-meta.xml,A,LightningComponentBundle barcodeScanner/barcodeScanner.js-meta.xml,,,log,ðŸ“°
lwc/bikeCard/bikeCard.html,A,LightningComponentBundle bikeCard/bikeCard.html,,,log,ðŸ“°
lwc/bikeCard/bikeCard.js,A,LightningComponentBundle bikeCard/bikeCard.js,,,log,ðŸ“°
lwc/bikeCard/bikeCard.js-meta.xml,A,LightningComponentBundle bikeCard/bikeCard.js-meta.xml,,,log,ðŸ“°
lwc/bonjour/bonjour.css,A,LightningComponentBundle bonjour/bonjour.css,,,log,ðŸ“°
lwc/bonjour/bonjour.html,A,LightningComponentBundle bonjour/bonjour.html,,,log,ðŸ“°
lwc/bonjour/bonjour.js,A,LightningComponentBundle bonjour/bonjour.js,,,log,ðŸ“°
lwc/bonjour/bonjour.js-meta.xml,A,LightningComponentBundle bonjour/bonjour.js-meta.xml,,,log,ðŸ“°
lwc/brokerCard/brokerCard.html,A,LightningComponentBundle brokerCard/brokerCard.html,,,log,ðŸ“°
lwc/brokerCard/brokerCard.js,A,LightningComponentBundle brokerCard/brokerCard.js,,,log,ðŸ“°
lwc/brokerCard/brokerCard.js-meta.xml,A,LightningComponentBundle brokerCard/brokerCard.js-meta.xml,,,log,ðŸ“°
lwc/data/data.js,A,LightningComponentBundle data/data.js,,,log,ðŸ“°
lwc/data/data.js-meta.xml,A,LightningComponentBundle data/data.js-meta.xml,,,log,ðŸ“°
lwc/daysOnMarket/daysOnMarket.css,A,LightningComponentBundle daysOnMarket/daysOnMarket.css,,,log,ðŸ“°
lwc/daysOnMarket/daysOnMarket.html,A,LightningComponentBundle daysOnMarket/daysOnMarket.html,,,log,ðŸ“°
lwc/daysOnMarket/daysOnMarket.js,A,LightningComponentBundle daysOnMarket/daysOnMarket.js,,,log,ðŸ“°
lwc/daysOnMarket/daysOnMarket.js-meta.xml,A,LightningComponentBundle daysOnMarket/daysOnMarket.js-meta.xml,,,log,ðŸ“°
lwc/detail/detail.css,A,LightningComponentBundle detail/detail.css,,,log,ðŸ“°
lwc/detail/detail.html,A,LightningComponentBundle detail/detail.html,,,log,ðŸ“°
lwc/detail/detail.js,A,LightningComponentBundle detail/detail.js,,,log,ðŸ“°
lwc/detail/detail.js-meta.xml,A,LightningComponentBundle detail/detail.js-meta.xml,,,log,ðŸ“°
lwc/errorPanel/errorPanel.js,A,LightningComponentBundle errorPanel/errorPanel.js,,,log,ðŸ“°
lwc/errorPanel/errorPanel.js-meta.xml,A,LightningComponentBundle errorPanel/errorPanel.js-meta.xml,,,log,ðŸ“°
lwc/errorPanel/templates/inlineMessage.html,A,LightningComponentBundle errorPanel/templates/inlineMessage.html,,,log,ðŸ“°
lwc/errorPanel/templates/noDataIllustration.html,A,LightningComponentBundle errorPanel/templates/noDataIllustration.html,,,log,ðŸ“°
lwc/helloWorld/helloWorld.html,A,LightningComponentBundle helloWorld/helloWorld.html,,,log,ðŸ“°
lwc/helloWorld/helloWorld.js,A,LightningComponentBundle helloWorld/helloWorld.js,,,log,ðŸ“°
lwc/helloWorld/helloWorld.js-meta.xml,A,LightningComponentBundle helloWorld/helloWorld.js-meta.xml,,,log,ðŸ“°
lwc/housingMap/housingMap.html,A,LightningComponentBundle housingMap/housingMap.html,,,log,ðŸ“°
lwc/housingMap/housingMap.js,A,LightningComponentBundle housingMap/housingMap.js,,,log,ðŸ“°
lwc/housingMap/housingMap.js-meta.xml,A,LightningComponentBundle housingMap/housingMap.js-meta.xml,,,log,ðŸ“°
lwc/ldsUtils/ldsUtils.js,A,LightningComponentBundle ldsUtils/ldsUtils.js,,,log,ðŸ“°
lwc/ldsUtils/ldsUtils.js-meta.xml,A,LightningComponentBundle ldsUtils/ldsUtils.js-meta.xml,,,log,ðŸ“°
lwc/list/list.css,A,LightningComponentBundle list/list.css,,,log,ðŸ“°
lwc/list/list.html,A,LightningComponentBundle list/list.html,,,log,ðŸ“°
lwc/list/list.js,A,LightningComponentBundle list/list.js,,,log,ðŸ“°
lwc/list/list.js-meta.xml,A,LightningComponentBundle list/list.js-meta.xml,,,log,ðŸ“°
lwc/listContactsFromDevice/listContactsFromDevice.html,A,LightningComponentBundle listContactsFromDevice/listContactsFromDevice.html,,,log,ðŸ“°
lwc/listContactsFromDevice/listContactsFromDevice.js,A,LightningComponentBundle listContactsFromDevice/listContactsFromDevice.js,,,log,ðŸ“°
lwc/listContactsFromDevice/listContactsFromDevice.js-meta.xml,A,LightningComponentBundle listContactsFromDevice/listContactsFromDevice.js-meta.xml,,,log,ðŸ“°
lwc/navigateToRecord/navigateToRecord.html,A,LightningComponentBundle navigateToRecord/navigateToRecord.html,,,log,ðŸ“°
lwc/navigateToRecord/navigateToRecord.js,A,LightningComponentBundle navigateToRecord/navigateToRecord.js,,,log,ðŸ“°
lwc/navigateToRecord/navigateToRecord.js-meta.xml,A,LightningComponentBundle navigateToRecord/navigateToRecord.js-meta.xml,,,log,ðŸ“°
lwc/paginator/paginator.html,A,LightningComponentBundle paginator/paginator.html,,,log,ðŸ“°
lwc/paginator/paginator.js,A,LightningComponentBundle paginator/paginator.js,,,log,ðŸ“°
lwc/paginator/paginator.js-meta.xml,A,LightningComponentBundle paginator/paginator.js-meta.xml,,,log,ðŸ“°
lwc/propertyCarousel/propertyCarousel.html,A,LightningComponentBundle propertyCarousel/propertyCarousel.html,,,log,ðŸ“°
lwc/propertyCarousel/propertyCarousel.js,A,LightningComponentBundle propertyCarousel/propertyCarousel.js,,,log,ðŸ“°
lwc/propertyCarousel/propertyCarousel.js-meta.xml,A,LightningComponentBundle propertyCarousel/propertyCarousel.js-meta.xml,,,log,ðŸ“°
lwc/propertyFilter/propertyFilter.html,A,LightningComponentBundle propertyFilter/propertyFilter.html,,,log,ðŸ“°
lwc/propertyFilter/propertyFilter.js,A,LightningComponentBundle propertyFilter/propertyFilter.js,,,log,ðŸ“°
lwc/propertyFilter/propertyFilter.js-meta.xml,A,LightningComponentBundle propertyFilter/propertyFilter.js-meta.xml,,,log,ðŸ“°
lwc/propertyLocation/propertyLocation.html,A,LightningComponentBundle propertyLocation/propertyLocation.html,,,log,ðŸ“°
lwc/propertyLocation/propertyLocation.js,A,LightningComponentBundle propertyLocation/propertyLocation.js,,,log,ðŸ“°
lwc/propertyLocation/propertyLocation.js-meta.xml,A,LightningComponentBundle propertyLocation/propertyLocation.js-meta.xml,,,log,ðŸ“°
lwc/propertyMap/propertyMap.html,A,LightningComponentBundle propertyMap/propertyMap.html,,,log,ðŸ“°
lwc/propertyMap/propertyMap.js,A,LightningComponentBundle propertyMap/propertyMap.js,,,log,ðŸ“°
lwc/propertyMap/propertyMap.js-meta.xml,A,LightningComponentBundle propertyMap/propertyMap.js-meta.xml,,,log,ðŸ“°
lwc/propertySummary/propertySummary.html,A,LightningComponentBundle propertySummary/propertySummary.html,,,log,ðŸ“°
lwc/propertySummary/propertySummary.js,A,LightningComponentBundle propertySummary/propertySummary.js,,,log,ðŸ“°
lwc/propertySummary/propertySummary.js-meta.xml,A,LightningComponentBundle propertySummary/propertySummary.js-meta.xml,,,log,ðŸ“°
lwc/propertyTile/propertyTile.css,A,LightningComponentBundle propertyTile/propertyTile.css,,,log,ðŸ“°
lwc/propertyTile/propertyTile.html,A,LightningComponentBundle propertyTile/propertyTile.html,,,log,ðŸ“°
lwc/propertyTile/propertyTile.js,A,LightningComponentBundle propertyTile/propertyTile.js,,,log,ðŸ“°
lwc/propertyTile/propertyTile.js-meta.xml,A,LightningComponentBundle propertyTile/propertyTile.js-meta.xml,,,log,ðŸ“°
lwc/propertyTileList/propertyTileList.css,A,LightningComponentBundle propertyTileList/propertyTileList.css,,,log,ðŸ“°
lwc/propertyTileList/propertyTileList.html,A,LightningComponentBundle propertyTileList/propertyTileList.html,,,log,ðŸ“°
lwc/propertyTileList/propertyTileList.js,A,LightningComponentBundle propertyTileList/propertyTileList.js,,,log,ðŸ“°
lwc/propertyTileList/propertyTileList.js-meta.xml,A,LightningComponentBundle propertyTileList/propertyTileList.js-meta.xml,,,log,ðŸ“°
lwc/sampleDataImporter/sampleDataImporter.html,A,LightningComponentBundle sampleDataImporter/sampleDataImporter.html,,,log,ðŸ“°
lwc/sampleDataImporter/sampleDataImporter.js,A,LightningComponentBundle sampleDataImporter/sampleDataImporter.js,,,log,ðŸ“°
lwc/sampleDataImporter/sampleDataImporter.js-meta.xml,A,LightningComponentBundle sampleDataImporter/sampleDataImporter.js-meta.xml,,,log,ðŸ“°
lwc/selector/selector.css,A,LightningComponentBundle selector/selector.css,,,log,ðŸ“°
lwc/selector/selector.html,A,LightningComponentBundle selector/selector.html,,,log,ðŸ“°
lwc/selector/selector.js,A,LightningComponentBundle selector/selector.js,,,log,ðŸ“°
lwc/selector/selector.js-meta.xml,A,LightningComponentBundle selector/selector.js-meta.xml,,,log,ðŸ“°
lwc/tile/tile.css,A,LightningComponentBundle tile/tile.css,,,log,ðŸ“°
lwc/tile/tile.html,A,LightningComponentBundle tile/tile.html,,,log,ðŸ“°
lwc/tile/tile.js,A,LightningComponentBundle tile/tile.js,,,log,ðŸ“°
lwc/tile/tile.js-meta.xml,A,LightningComponentBundle tile/tile.js-meta.xml,,,log,ðŸ“°
managedContentTypes/cms_document.managedContentType-meta.xml,A,ManagedContentType cms_document,,,log,ðŸ“°
managedContentTypes/cms_image.managedContentType-meta.xml,A,ManagedContentType cms_image,,,log,ðŸ“°
managedContentTypes/news.managedContentType-meta.xml,A,ManagedContentType news,,,log,ðŸ“°
matchingRules/Account.matchingRule-meta.xml,A,MatchingRules Account,,,log,ðŸ“°
matchingRules/Contact.matchingRule-meta.xml,A,MatchingRules Contact,,,log,ðŸ“°
matchingRules/Individual.matchingRule-meta.xml,A,MatchingRules Individual,,,log,ðŸ“°
matchingRules/Lead.matchingRule-meta.xml,A,MatchingRules Lead,,,log,ðŸ“°
messageChannels/FiltersChange.messageChannel-meta.xml,A,LightningMessageChannel FiltersChange,,,log,ðŸ“°
messageChannels/PropertySelected.messageChannel-meta.xml,A,LightningMessageChannel PropertySelected,,,log,ðŸ“°
milestoneTypes/Close Case.milestoneType-meta.xml,A,MilestoneType Close Case,,,log,ðŸ“°
milestoneTypes/Escalate Case.milestoneType-meta.xml,A,MilestoneType Escalate Case,,,log,ðŸ“°
milestoneTypes/First Response to Customer.milestoneType-meta.xml,A,MilestoneType First Response to Customer,,,log,ðŸ“°
notificationTypeConfig/NotificationTypeConfig.config-meta.xml,A,NotificationTypeConfig NotificationTypeConfig,,,log,ðŸ“°
objectTranslations/Broker__c-en_US/Broker_Id__c.fieldTranslation-meta.xml,A,CustomObjectTranslation Broker__c-en_US/Broker_Id__c,,,log,ðŸ“°
objectTranslations/Broker__c-en_US/Broker__c-en_US.objectTranslation-meta.xml,A,CustomObjectTranslation Broker__c-en_US/Broker__c-en_US.objectTranslation-meta.xml,,,log,ðŸ“°
objectTranslations/Broker__c-en_US/Email__c.fieldTranslation-meta.xml,A,CustomObjectTranslation Broker__c-en_US/Email__c,,,log,ðŸ“°
objectTranslations/Broker__c-en_US/Mobile_Phone__c.fieldTranslation-meta.xml,A,CustomObjectTranslation Broker__c-en_US/Mobile_Phone__c,,,log,ðŸ“°
objectTranslations/Broker__c-en_US/Phone__c.fieldTranslation-meta.xml,A,CustomObjectTranslation Broker__c-en_US/Phone__c,,,log,ðŸ“°
objectTranslations/Broker__c-en_US/Picture_IMG__c.fieldTranslation-meta.xml,A,CustomObjectTranslation Broker__c-en_US/Picture_IMG__c,,,log,ðŸ“°
objectTranslations/Broker__c-en_US/Picture__c.fieldTranslation-meta.xml,A,CustomObjectTranslation Broker__c-en_US/Picture__c,,,log,ðŸ“°
objectTranslations/Broker__c-en_US/Title__c.fieldTranslation-meta.xml,A,CustomObjectTranslation Broker__c-en_US/Title__c,,,log,ðŸ“°
objectTranslations/House__c-en_US/Address__c.fieldTranslation-meta.xml,A,CustomObjectTranslation House__c-en_US/Address__c,,,log,ðŸ“°
objectTranslations/House__c-en_US/Bathrooms__c.fieldTranslation-meta.xml,A,CustomObjectTranslation House__c-en_US/Bathrooms__c,,,log,ðŸ“°
objectTranslations/House__c-en_US/Bedroom__c.fieldTranslation-meta.xml,A,CustomObjectTranslation House__c-en_US/Bedroom__c,,,log,ðŸ“°
objectTranslations/House__c-en_US/City__c.fieldTranslation-meta.xml,A,CustomObjectTranslation House__c-en_US/City__c,,,log,ðŸ“°
objectTranslations/House__c-en_US/House__c-en_US.objectTranslation-meta.xml,A,CustomObjectTranslation House__c-en_US/House__c-en_US.objectTranslation-meta.xml,,,log,ðŸ“°
objectTranslations/House__c-en_US/Picture__c.fieldTranslation-meta.xml,A,CustomObjectTranslation House__c-en_US/Picture__c,,,log,ðŸ“°
objectTranslations/House__c-en_US/Price__c.fieldTranslation-meta.xml,A,CustomObjectTranslation House__c-en_US/Price__c,,,log,ðŸ“°
objectTranslations/House__c-en_US/State__c.fieldTranslation-meta.xml,A,CustomObjectTranslation House__c-en_US/State__c,,,log,ðŸ“°
objectTranslations/House__c-en_US/Zip__c.fieldTranslation-meta.xml,A,CustomObjectTranslation House__c-en_US/Zip__c,,,log,ðŸ“°
objectTranslations/Knowledge__kav-en_US/Content__c.fieldTranslation-meta.xml,A,CustomObjectTranslation Knowledge__kav-en_US/Content__c,,,log,ðŸ“°
objectTranslations/Knowledge__kav-en_US/DigitalEngagementResponse__c.fieldTranslation-meta.xml,A,CustomObjectTranslation Knowledge__kav-en_US/DigitalEngagementResponse__c,,,log,ðŸ“°
objectTranslations/Knowledge__kav-en_US/InternalNotes__c.fieldTranslation-meta.xml,A,CustomObjectTranslation Knowledge__kav-en_US/InternalNotes__c,,,log,ðŸ“°
objectTranslations/Knowledge__kav-en_US/Knowledge__kav-en_US.objectTranslation-meta.xml,A,CustomObjectTranslation Knowledge__kav-en_US/Knowledge__kav-en_US.objectTranslation-meta.xml,,,log,ðŸ“°
objectTranslations/Knowledge__kav-en_US/Question__c.fieldTranslation-meta.xml,A,CustomObjectTranslation Knowledge__kav-en_US/Question__c,,,log,ðŸ“°
objectTranslations/OrderDetail__x-en_US/OrderDetail__x-en_US.objectTranslation-meta.xml,A,CustomObjectTranslation OrderDetail__x-en_US/OrderDetail__x-en_US.objectTranslation-meta.xml,,,log,ðŸ“°
objectTranslations/OrderDetail__x-en_US/orderID__c.fieldTranslation-meta.xml,A,CustomObjectTranslation OrderDetail__x-en_US/orderID__c,,,log,ðŸ“°
objectTranslations/OrderDetail__x-en_US/orderLine__c.fieldTranslation-meta.xml,A,CustomObjectTranslation OrderDetail__x-en_US/orderLine__c,,,log,ðŸ“°
objectTranslations/OrderDetail__x-en_US/product__c.fieldTranslation-meta.xml,A,CustomObjectTranslation OrderDetail__x-en_US/product__c,,,log,ðŸ“°
objectTranslations/OrderDetail__x-en_US/quantity__c.fieldTranslation-meta.xml,A,CustomObjectTranslation OrderDetail__x-en_US/quantity__c,,,log,ðŸ“°
objectTranslations/OrderDetail__x-en_US/unitPrice__c.fieldTranslation-meta.xml,A,CustomObjectTranslation OrderDetail__x-en_US/unitPrice__c,,,log,ðŸ“°
objectTranslations/Order__x-en_US/Order__x-en_US.objectTranslation-meta.xml,A,CustomObjectTranslation Order__x-en_US/Order__x-en_US.objectTranslation-meta.xml,,,log,ðŸ“°
objectTranslations/Order__x-en_US/customerID__c.fieldTranslation-meta.xml,A,CustomObjectTranslation Order__x-en_US/customerID__c,,,log,ðŸ“°
objectTranslations/Order__x-en_US/orderDate__c.fieldTranslation-meta.xml,A,CustomObjectTranslation Order__x-en_US/orderDate__c,,,log,ðŸ“°
objectTranslations/Order__x-en_US/orderID__c.fieldTranslation-meta.xml,A,CustomObjectTranslation Order__x-en_US/orderID__c,,,log,ðŸ“°
objectTranslations/Order__x-en_US/shippedDate__c.fieldTranslation-meta.xml,A,CustomObjectTranslation Order__x-en_US/shippedDate__c,,,log,ðŸ“°
objectTranslations/Property__c-en_US/Address__c.fieldTranslation-meta.xml,A,CustomObjectTranslation Property__c-en_US/Address__c,,,log,ðŸ“°
objectTranslations/Property__c-en_US/Assessed_Value__c.fieldTranslation-meta.xml,A,CustomObjectTranslation Property__c-en_US/Assessed_Value__c,,,log,ðŸ“°
objectTranslations/Property__c-en_US/Baths__c.fieldTranslation-meta.xml,A,CustomObjectTranslation Property__c-en_US/Baths__c,,,log,ðŸ“°
objectTranslations/Property__c-en_US/Beds__c.fieldTranslation-meta.xml,A,CustomObjectTranslation Property__c-en_US/Beds__c,,,log,ðŸ“°
objectTranslations/Property__c-en_US/Broker__c.fieldTranslation-meta.xml,A,CustomObjectTranslation Property__c-en_US/Broker__c,,,log,ðŸ“°
objectTranslations/Property__c-en_US/City__c.fieldTranslation-meta.xml,A,CustomObjectTranslation Property__c-en_US/City__c,,,log,ðŸ“°
objectTranslations/Property__c-en_US/Date_Agreement__c.fieldTranslation-meta.xml,A,CustomObjectTranslation Property__c-en_US/Date_Agreement__c,,,log,ðŸ“°
objectTranslations/Property__c-en_US/Date_Closed__c.fieldTranslation-meta.xml,A,CustomObjectTranslation Property__c-en_US/Date_Closed__c,,,log,ðŸ“°
objectTranslations/Property__c-en_US/Date_Contracted__c.fieldTranslation-meta.xml,A,CustomObjectTranslation Property__c-en_US/Date_Contracted__c,,,log,ðŸ“°
objectTranslations/Property__c-en_US/Date_Listed__c.fieldTranslation-meta.xml,A,CustomObjectTranslation Property__c-en_US/Date_Listed__c,,,log,ðŸ“°
objectTranslations/Property__c-en_US/Date_Pre_Market__c.fieldTranslation-meta.xml,A,CustomObjectTranslation Property__c-en_US/Date_Pre_Market__c,,,log,ðŸ“°
objectTranslations/Property__c-en_US/Days_On_Market__c.fieldTranslation-meta.xml,A,CustomObjectTranslation Property__c-en_US/Days_On_Market__c,,,log,ðŸ“°
objectTranslations/Property__c-en_US/Description__c.fieldTranslation-meta.xml,A,CustomObjectTranslation Property__c-en_US/Description__c,,,log,ðŸ“°
objectTranslations/Property__c-en_US/Location__c.fieldTranslation-meta.xml,A,CustomObjectTranslation Property__c-en_US/Location__c,,,log,ðŸ“°
objectTranslations/Property__c-en_US/Picture_IMG__c.fieldTranslation-meta.xml,A,CustomObjectTranslation Property__c-en_US/Picture_IMG__c,,,log,ðŸ“°
objectTranslations/Property__c-en_US/Picture__c.fieldTranslation-meta.xml,A,CustomObjectTranslation Property__c-en_US/Picture__c,,,log,ðŸ“°
objectTranslations/Property__c-en_US/Price_Sold__c.fieldTranslation-meta.xml,A,CustomObjectTranslation Property__c-en_US/Price_Sold__c,,,log,ðŸ“°
objectTranslations/Property__c-en_US/Price__c.fieldTranslation-meta.xml,A,CustomObjectTranslation Property__c-en_US/Price__c,,,log,ðŸ“°
objectTranslations/Property__c-en_US/Property__c-en_US.objectTranslation-meta.xml,A,CustomObjectTranslation Property__c-en_US/Property__c-en_US.objectTranslation-meta.xml,,,log,ðŸ“°
objectTranslations/Property__c-en_US/Record_Link__c.fieldTranslation-meta.xml,A,CustomObjectTranslation Property__c-en_US/Record_Link__c,,,log,ðŸ“°
objectTranslations/Property__c-en_US/State__c.fieldTranslation-meta.xml,A,CustomObjectTranslation Property__c-en_US/State__c,,,log,ðŸ“°
objectTranslations/Property__c-en_US/Status__c.fieldTranslation-meta.xml,A,CustomObjectTranslation Property__c-en_US/Status__c,,,log,ðŸ“°
objectTranslations/Property__c-en_US/Tags__c.fieldTranslation-meta.xml,A,CustomObjectTranslation Property__c-en_US/Tags__c,,,log,ðŸ“°
objectTranslations/Property__c-en_US/Thumbnail_IMG__c.fieldTranslation-meta.xml,A,CustomObjectTranslation Property__c-en_US/Thumbnail_IMG__c,,,log,ðŸ“°
objectTranslations/Property__c-en_US/Thumbnail__c.fieldTranslation-meta.xml,A,CustomObjectTranslation Property__c-en_US/Thumbnail__c,,,log,ðŸ“°
objectTranslations/Property__c-en_US/Zip__c.fieldTranslation-meta.xml,A,CustomObjectTranslation Property__c-en_US/Zip__c,,,log,ðŸ“°
objectTranslations/Rider_History__b-en_US/End_Time__c.fieldTranslation-meta.xml,A,CustomObjectTranslation Rider_History__b-en_US/End_Time__c,,,log,ðŸ“°
objectTranslations/Rider_History__b-en_US/Rider_Account__c.fieldTranslation-meta.xml,A,CustomObjectTranslation Rider_History__b-en_US/Rider_Account__c,,,log,ðŸ“°
objectTranslations/Rider_History__b-en_US/Rider_History__b-en_US.objectTranslation-meta.xml,A,CustomObjectTranslation Rider_History__b-en_US/Rider_History__b-en_US.objectTranslation-meta.xml,,,log,ðŸ“°
objectTranslations/Rider_History__b-en_US/Rider_Rating__c.fieldTranslation-meta.xml,A,CustomObjectTranslation Rider_History__b-en_US/Rider_Rating__c,,,log,ðŸ“°
objectTranslations/Rider_History__b-en_US/Service_Type__c.fieldTranslation-meta.xml,A,CustomObjectTranslation Rider_History__b-en_US/Service_Type__c,,,log,ðŸ“°
objectTranslations/Rider_History__b-en_US/Start_Location_Latitude__c.fieldTranslation-meta.xml,A,CustomObjectTranslation Rider_History__b-en_US/Start_Location_Latitude__c,,,log,ðŸ“°
objectTranslations/Rider_History__b-en_US/Start_Location_Longitude__c.fieldTranslation-meta.xml,A,CustomObjectTranslation Rider_History__b-en_US/Start_Location_Longitude__c,,,log,ðŸ“°
objectTranslations/Rider_History__b-en_US/Start_Time__c.fieldTranslation-meta.xml,A,CustomObjectTranslation Rider_History__b-en_US/Start_Time__c,,,log,ðŸ“°
objects/Account/fields/Active__c.field-meta.xml," ",CustomField Active__c,M,,log,ðŸ“°
objects/Account/fields/CustomerPriority__c.field-meta.xml," ",CustomField CustomerPriority__c,M,,log,ðŸ“°
objects/Account/fields/Founding_Date__c.field-meta.xml," ",CustomField Founding_Date__c,M,,log,ðŸ“°
objects/Account/fields/Match_Billing_Address__c.field-meta.xml," ",CustomField Match_Billing_Address__c,M,,log,ðŸ“°
objects/Account/fields/SB_Test__c.field-meta.xml," ",CustomField SB_Test__c,M,,log,ðŸ“°
objects/Account/fields/SLAExpirationDate__c.field-meta.xml," ",CustomField SLAExpirationDate__c,M,,log,ðŸ“°
objects/Account/fields/SLA__c.field-meta.xml," ",CustomField SLA__c,M,,log,ðŸ“°
objects/Account/fields/StartDate__c.field-meta.xml," ",CustomField StartDate__c,M,,log,ðŸ“°
objects/Account/fields/Top_Account__c.field-meta.xml," ",CustomField Top_Account__c,M,,log,ðŸ“°
objects/Account/fields/UpsellOpportunity__c.field-meta.xml," ",CustomField UpsellOpportunity__c,M,,log,ðŸ“°
objects/Broker__c/fields/Mobile_Phone__c.field-meta.xml," ",CustomField Mobile_Phone__c,M,,log,ðŸ“°
objects/Broker__c/fields/Phone__c.field-meta.xml," ",CustomField Phone__c,M,,log,ðŸ“°
objects/Broker__c/fields/Picture__c.field-meta.xml," ",CustomField Picture__c,M,,log,ðŸ“°
objects/Case/fields/Has_Extended_Warranty__c.field-meta.xml," ",CustomField Has_Extended_Warranty__c,M,,log,ðŸ“°
objects/Case/fields/PotentialLiability__c.field-meta.xml," ",CustomField PotentialLiability__c,M,,log,ðŸ“°
objects/Case/fields/Product_Purchase_Date__c.field-meta.xml," ",CustomField Product_Purchase_Date__c,M,,log,ðŸ“°
objects/Case/fields/Product__c.field-meta.xml," ",CustomField Product__c,M,,log,ðŸ“°
objects/Case/fields/SLAViolation__c.field-meta.xml," ",CustomField SLAViolation__c,M,,log,ðŸ“°
objects/Case/fields/Warranty_Summary__c.field-meta.xml," ",CustomField Warranty_Summary__c,M,,log,ðŸ“°
objects/Contact/fields/Level__c.field-meta.xml," ",CustomField Level__c,M,,log,ðŸ“°
objects/Contact/fields/Prequalifie__c.field-meta.xml," ",CustomField Prequalifie__c,M,,log,ðŸ“°
objects/House__c/fields/Picture__c.field-meta.xml," ",CustomField Picture__c,M,,log,ðŸ“°
objects/Knowledge__kav/fields/Content__c.field-meta.xml," ",CustomField Content__c,M,,log,ðŸ“°
objects/Knowledge__kav/fields/InternalNotes__c.field-meta.xml," ",CustomField InternalNotes__c,M,,log,ðŸ“°
objects/Knowledge__kav/fields/Question__c.field-meta.xml," ",CustomField Question__c,M,,log,ðŸ“°
objects/Lead/fields/Competitor_1_Price__c.field-meta.xml," ",CustomField Competitor_1_Price__c,M,,log,ðŸ“°
objects/Lead/fields/Competitor_1__c.field-meta.xml," ",CustomField Competitor_1__c,M,,log,ðŸ“°
objects/Lead/fields/Competitor_2_Price__c.field-meta.xml," ",CustomField Competitor_2_Price__c,M,,log,ðŸ“°
objects/Lead/fields/Competitor_2__c.field-meta.xml," ",CustomField Competitor_2__c,M,,log,ðŸ“°
objects/Lead/fields/Competitor_3_Price__c.field-meta.xml," ",CustomField Competitor_3_Price__c,M,,log,ðŸ“°
objects/Lead/fields/Competitor_3__c.field-meta.xml," ",CustomField Competitor_3__c,M,,log,ðŸ“°
objects/Lead/fields/Lead_Competitor__c.field-meta.xml," ",CustomField Lead_Competitor__c,M,,log,ðŸ“°
objects/Lead/fields/Lead_Name_Competitor__c.field-meta.xml," ",CustomField Lead_Name_Competitor__c,M,,log,ðŸ“°
objects/Lead/fields/Possible_Matching_Account__c.field-meta.xml," ",CustomField Possible_Matching_Account__c,M,,log,ðŸ“°
objects/Lead/fields/Primary__c.field-meta.xml," ",CustomField Primary__c,M,,log,ðŸ“°
objects/Lead/fields/ProductInterest__c.field-meta.xml," ",CustomField ProductInterest__c,M,,log,ðŸ“°
objects/Opportunity/fields/Approval_Status__c.field-meta.xml," ",CustomField Approval_Status__c,M,,log,ðŸ“°
objects/Opportunity/fields/DeliveryInstallationStatus__c.field-meta.xml," ",CustomField DeliveryInstallationStatus__c,M,,log,ðŸ“°
objects/Opportunity/fields/Discount_Percentage__c.field-meta.xml," ",CustomField Discount_Percentage__c,M,,log,ðŸ“°
objects/OrderDetail__x/fields/orderID__c.field-meta.xml," ",CustomField orderID__c,M,,log,ðŸ“°
objects/OrderItem/fields/colorTheme__c.field-meta.xml," ",CustomField colorTheme__c,M,,log,ðŸ“°
objects/OrderItem/fields/fragrance__c.field-meta.xml," ",CustomField fragrance__c,M,,log,ðŸ“°
objects/OrderItem/fields/glow__c.field-meta.xml," ",CustomField glow__c,M,,log,ðŸ“°
objects/OrderItem/fields/percentOfOpening__c.field-meta.xml," ",CustomField percentOfOpening__c,M,,log,ðŸ“°
objects/Order__x/fields/customerID__c.field-meta.xml," ",CustomField customerID__c,M,,log,ðŸ“°
objects/Order__x/fields/orderDate__c.field-meta.xml," ",CustomField orderDate__c,M,,log,ðŸ“°
objects/Order__x/fields/shippedDate__c.field-meta.xml," ",CustomField shippedDate__c,M,,log,ðŸ“°
objects/Pricebook2/fields/Region__c.field-meta.xml," ",CustomField Region__c,M,,log,ðŸ“°
objects/Product2/fields/Ground_mount__c.field-meta.xml," ",CustomField Ground_mount__c,M,,log,ðŸ“°
objects/Product2/fields/colorTheme__c.field-meta.xml," ",CustomField colorTheme__c,M,,log,ðŸ“°
objects/Product2/fields/fragrance__c.field-meta.xml," ",CustomField fragrance__c,M,,log,ðŸ“°
objects/Product2/fields/glow__c.field-meta.xml," ",CustomField glow__c,M,,log,ðŸ“°
objects/Product2/fields/percentOfOpening__c.field-meta.xml," ",CustomField percentOfOpening__c,M,,log,ðŸ“°
objects/Property__c/fields/Assessed_Value__c.field-meta.xml," ",CustomField Assessed_Value__c,M,,log,ðŸ“°
objects/Property__c/fields/Broker__c.field-meta.xml," ",CustomField Broker__c,M,,log,ðŸ“°
objects/Property__c/fields/Date_Agreement__c.field-meta.xml," ",CustomField Date_Agreement__c,M,,log,ðŸ“°
objects/Property__c/fields/Date_Closed__c.field-meta.xml," ",CustomField Date_Closed__c,M,,log,ðŸ“°
objects/Property__c/fields/Date_Contracted__c.field-meta.xml," ",CustomField Date_Contracted__c,M,,log,ðŸ“°
objects/Property__c/fields/Date_Listed__c.field-meta.xml," ",CustomField Date_Listed__c,M,,log,ðŸ“°
objects/Property__c/fields/Date_Pre_Market__c.field-meta.xml," ",CustomField Date_Pre_Market__c,M,,log,ðŸ“°
objects/Property__c/fields/Description__c.field-meta.xml," ",CustomField Description__c,M,,log,ðŸ“°
objects/Property__c/fields/Location__c.field-meta.xml," ",CustomField Location__c,M,,log,ðŸ“°
objects/Property__c/fields/Picture__c.field-meta.xml," ",CustomField Picture__c,M,,log,ðŸ“°
objects/Property__c/fields/Price_Sold__c.field-meta.xml," ",CustomField Price_Sold__c,M,,log,ðŸ“°
objects/Property__c/fields/Price__c.field-meta.xml," ",CustomField Price__c,M,,log,ðŸ“°
objects/Property__c/fields/Status__c.field-meta.xml," ",CustomField Status__c,M,,log,ðŸ“°
objects/Property__c/fields/Thumbnail__c.field-meta.xml," ",CustomField Thumbnail__c,M,,log,ðŸ“°
objects/Rider_History__b/fields/End_Time__c.field-meta.xml," ",CustomField End_Time__c,M,,log,ðŸ“°
objects/Rider_History__b/fields/Start_Time__c.field-meta.xml," ",CustomField Start_Time__c,M,,log,ðŸ“°
permissionsets/API_Uuniquement.permissionset-meta.xml,A,PermissionSet API_Uuniquement,,,log,ðŸ“°
permissionsets/Knowledge_Manager_120993.permissionset-meta.xml,A,PermissionSet Knowledge_Manager_120993,,,log,ðŸ“°
permissionsets/dreamhouse.permissionset-meta.xml,A,PermissionSet dreamhouse,,,log,ðŸ“°
permissionsets/sfdcInternalInt__sfdc_activityplatform.permissionset-meta.xml,A,PermissionSet sfdcInternalInt__sfdc_activityplatform,,,log,ðŸ“°
permissionsets/sfdcInternalInt__sfdc_scrt2.permissionset-meta.xml,A,PermissionSet sfdcInternalInt__sfdc_scrt2,,,log,ðŸ“°
permissionsets/test.permissionset-meta.xml,A,PermissionSet test,,,log,ðŸ“°
presenceUserConfigs/default_presence_config.presenceUserConfig-meta.xml,A,PresenceUserConfig default_presence_config,,,log,ðŸ“°
profilePasswordPolicies/Admin_profilePasswordPolicy1707511537582.profilePasswordPolicy-meta.xml,A,ProfilePasswordPolicy Admin_profilePasswordPolicy1707511537582,,,log,ðŸ“°
profilePasswordPolicies/PT1_profilePasswordPolicy1479361192949.profilePasswordPolicy-meta.xml,A,ProfilePasswordPolicy PT1_profilePasswordPolicy1479361192949,,,log,ðŸ“°
profileSessionSettings/PT1_profileSessionSetting1479361192857.profileSessionSetting-meta.xml,A,ProfileSessionSetting PT1_profileSessionSetting1479361192857,,,log,ðŸ“°
profileSessionSettings/null_profileSessionSetting1707511537616.profileSessionSetting-meta.xml,A,ProfileSessionSetting null_profileSessionSetting1707511537616,,,log,ðŸ“°
profiles/Admin.profile-meta.xml,A,Profile Admin,,,log,ðŸ“°
profiles/Analytics Cloud Integration User.profile-meta.xml,A,Profile Analytics Cloud Integration User,,,log,ðŸ“°
profiles/Analytics Cloud Security User.profile-meta.xml,A,Profile Analytics Cloud Security User,,,log,ðŸ“°
profiles/Anypoint Integration.profile-meta.xml,A,Profile Anypoint Integration,,,log,ðŸ“°
profiles/Authenticated Website.profile-meta.xml,A,Profile Authenticated Website,,,log,ðŸ“°
profiles/B2B Reordering Portal Buyer Profile.profile-meta.xml,A,Profile B2B Reordering Portal Buyer Profile,,,log,ðŸ“°
profiles/Chatter External User.profile-meta.xml,A,Profile Chatter External User,,,log,ðŸ“°
profiles/Chatter Free User.profile-meta.xml,A,Profile Chatter Free User,,,log,ðŸ“°
profiles/Chatter Moderator User.profile-meta.xml,A,Profile Chatter Moderator User,,,log,ðŸ“°
profiles/ContractManager.profile-meta.xml,A,Profile ContractManager,,,log,ðŸ“°
profiles/Cross Org Data Proxy User.profile-meta.xml,A,Profile Cross Org Data Proxy User,,,log,ðŸ“°
profiles/Custom%3A Marketing Profile.profile-meta.xml,A,Profile Custom%3A Marketing Profile,,,log,ðŸ“°
profiles/Custom%3A Sales Profile.profile-meta.xml,A,Profile Custom%3A Sales Profile,,,log,ðŸ“°
profiles/Custom%3A Support Profile.profile-meta.xml,A,Profile Custom%3A Support Profile,,,log,ðŸ“°
profiles/Customer Community Login User.profile-meta.xml,A,Profile Customer Community Login User,,,log,ðŸ“°
profiles/Customer Community Plus Login User.profile-meta.xml,A,Profile Customer Community Plus Login User,,,log,ðŸ“°
profiles/Customer Community Plus User.profile-meta.xml,A,Profile Customer Community Plus User,,,log,ðŸ“°
profiles/Customer Community User.profile-meta.xml,A,Profile Customer Community User,,,log,ðŸ“°
profiles/Customer Portal Manager Custom.profile-meta.xml,A,Profile Customer Portal Manager Custom,,,log,ðŸ“°
profiles/Customer Portal Manager Standard.profile-meta.xml,A,Profile Customer Portal Manager Standard,,,log,ðŸ“°
profiles/External Apps Login User.profile-meta.xml,A,Profile External Apps Login User,,,log,ðŸ“°
profiles/External Identity User.profile-meta.xml,A,Profile External Identity User,,,log,ðŸ“°
profiles/Force%2Ecom - App Subscription User.profile-meta.xml,A,Profile Force%2Ecom - App Subscription User,,,log,ðŸ“°
profiles/Force%2Ecom - Free User.profile-meta.xml,A,Profile Force%2Ecom - Free User,,,log,ðŸ“°
profiles/Gold Partner User.profile-meta.xml,A,Profile Gold Partner User,,,log,ðŸ“°
profiles/High Volume Customer Portal User.profile-meta.xml,A,Profile High Volume Customer Portal User,,,log,ðŸ“°
profiles/HighVolumePortal.profile-meta.xml,A,Profile HighVolumePortal,,,log,ðŸ“°
profiles/Identity User.profile-meta.xml,A,Profile Identity User,,,log,ðŸ“°
profiles/Knowledge Manager.profile-meta.xml,A,Profile Knowledge Manager,,,log,ðŸ“°
profiles/MarketingProfile.profile-meta.xml,A,Profile MarketingProfile,,,log,ðŸ“°
profiles/Minimum Access - API Only Integrations.profile-meta.xml,A,Profile Minimum Access - API Only Integrations,,,log,ðŸ“°
profiles/Minimum Access - Salesforce.profile-meta.xml,A,Profile Minimum Access - Salesforce,,,log,ðŸ“°
profiles/Partner App Subscription User.profile-meta.xml,A,Profile Partner App Subscription User,,,log,ðŸ“°
profiles/Partner Community Login User.profile-meta.xml,A,Profile Partner Community Login User,,,log,ðŸ“°
profiles/Partner Community User.profile-meta.xml,A,Profile Partner Community User,,,log,ðŸ“°
profiles/PlatformPortal.profile-meta.xml,A,Profile PlatformPortal,,,log,ðŸ“°
profiles/Read Only.profile-meta.xml,A,Profile Read Only,,,log,ðŸ“°
profiles/Sales Profile.profile-meta.xml,A,Profile Sales Profile,,,log,ðŸ“°
profiles/Salesforce API Only System Integrations.profile-meta.xml,A,Profile Salesforce API Only System Integrations,,,log,ðŸ“°
profiles/Service Agent.profile-meta.xml,A,Profile Service Agent,,,log,ðŸ“°
profiles/Service Supervisor.profile-meta.xml,A,Profile Service Supervisor,,,log,ðŸ“°
profiles/Silver Partner User.profile-meta.xml,A,Profile Silver Partner User,,,log,ðŸ“°
profiles/SolutionManager.profile-meta.xml,A,Profile SolutionManager,,,log,ðŸ“°
profiles/Standard.profile-meta.xml,A,Profile Standard,,,log,ðŸ“°
profiles/StandardAul.profile-meta.xml,A,Profile StandardAul,,,log,ðŸ“°
profiles/Work%2Ecom Only User.profile-meta.xml,A,Profile Work%2Ecom Only User,,,log,ðŸ“°
prompts/Property.prompt-meta.xml,A,Prompt Property,,,log,ðŸ“°
prompts/PropertyExplorer.prompt-meta.xml,A,Prompt PropertyExplorer,,,log,ðŸ“°
prompts/PropertyFinder.prompt-meta.xml,A,Prompt PropertyFinder,,,log,ðŸ“°
quickActions/Case.LogACall.quickAction-meta.xml,A,QuickAction Case.LogACall,,,log,ðŸ“°
quickActions/Case.NewChildCase.quickAction-meta.xml,A,QuickAction Case.NewChildCase,,,log,ðŸ“°
quickActions/Case.SendEmail.quickAction-meta.xml,A,QuickAction Case.SendEmail,,,log,ðŸ“°
quickActions/Case.Update_Status.quickAction-meta.xml,A,QuickAction Case.Update_Status,,,log,ðŸ“°
quickActions/CollaborationGroup.NewGroupMember.quickAction-meta.xml,A,QuickAction CollaborationGroup.NewGroupMember,,,log,ðŸ“°
quickActions/CollaborationGroup.NewGroupRecord.quickAction-meta.xml,A,QuickAction CollaborationGroup.NewGroupRecord,,,log,ðŸ“°
quickActions/FeedItem.NewTaskFromFeedItem.quickAction-meta.xml,A,QuickAction FeedItem.NewTaskFromFeedItem,,,log,ðŸ“°
quickActions/KnowledgeArticlePreconfigured.quickAction-meta.xml,A,QuickAction KnowledgeArticlePreconfigured,,,log,ðŸ“°
quickActions/LogACall.quickAction-meta.xml,A,QuickAction LogACall,,,log,ðŸ“°
quickActions/NewAccount.quickAction-meta.xml,A,QuickAction NewAccount,,,log,ðŸ“°
quickActions/NewCase.quickAction-meta.xml,A,QuickAction NewCase,,,log,ðŸ“°
quickActions/NewContact.quickAction-meta.xml,A,QuickAction NewContact,,,log,ðŸ“°
quickActions/NewEvent.quickAction-meta.xml,A,QuickAction NewEvent,,,log,ðŸ“°
quickActions/NewGroup.quickAction-meta.xml,A,QuickAction NewGroup,,,log,ðŸ“°
quickActions/NewLead.quickAction-meta.xml,A,QuickAction NewLead,,,log,ðŸ“°
quickActions/NewNote.quickAction-meta.xml,A,QuickAction NewNote,,,log,ðŸ“°
quickActions/NewOpportunity.quickAction-meta.xml,A,QuickAction NewOpportunity,,,log,ðŸ“°
quickActions/NewTask.quickAction-meta.xml,A,QuickAction NewTask,,,log,ðŸ“°
quickActions/Quote.SendEmail.quickAction-meta.xml,A,QuickAction Quote.SendEmail,,,log,ðŸ“°
quickActions/SendEmail.quickAction-meta.xml,A,QuickAction SendEmail,,,log,ðŸ“°
quickActions/Task.Defer.quickAction-meta.xml,A,QuickAction Task.Defer,,,log,ðŸ“°
quickActions/Task.Defer_0.quickAction-meta.xml,A,QuickAction Task.Defer_0,,,log,ðŸ“°
quickActions/Task.EditDescription.quickAction-meta.xml,A,QuickAction Task.EditDescription,,,log,ðŸ“°
quickActions/Task.EditDescription_0.quickAction-meta.xml,A,QuickAction Task.EditDescription_0,,,log,ðŸ“°
quickActions/Task.UpdatePriority.quickAction-meta.xml,A,QuickAction Task.UpdatePriority,,,log,ðŸ“°
quickActions/Task.UpdatePriority_0.quickAction-meta.xml,A,QuickAction Task.UpdatePriority_0,,,log,ðŸ“°
quickActions/Task.UpdateStatus.quickAction-meta.xml,A,QuickAction Task.UpdateStatus,,,log,ðŸ“°
quickActions/Task.UpdateStatus_0.quickAction-meta.xml,A,QuickAction Task.UpdateStatus_0,,,log,ðŸ“°
recordActionDeployments/setup_service_experience_SupportFlows.deployment-meta.xml,A,RecordActionDeployment setup_service_experience_SupportFlows,,,log,ðŸ“°
remoteSiteSettings/ApexDevNet.remoteSite-meta.xml,A,RemoteSiteSetting ApexDevNet,,,log,ðŸ“°
remoteSiteSettings/nominatim_openstreetmap.remoteSite-meta.xml,A,RemoteSiteSetting nominatim_openstreetmap,,,log,ðŸ“°
reports/EBotR_v3.reportFolder-meta.xml,A,Report EBotR_v3Folder-meta.xml,,,log,ðŸ“°
reports/EBotR_v4.reportFolder-meta.xml,A,Report EBotR_v4Folder-meta.xml,,,log,ðŸ“°
reports/EinsteinBotReports.reportFolder-meta.xml,A,Report EinsteinBotReportsFolder-meta.xml,,,log,ðŸ“°
reports/EinsteinBotReports_v2.reportFolder-meta.xml,A,Report EinsteinBotReports_v2Folder-meta.xml,,,log,ðŸ“°
reports/unfiled$public/flow_orchestration_log_ootb_report_two_four_eight.report-meta.xml,A,Report unfiled$public/flow_orchestration_log_ootb_report_two_four_eight,,,log,ðŸ“°
reports/unfiled$public/flow_orchestration_run_ootb_report_two_four_eight.report-meta.xml,A,Report unfiled$public/flow_orchestration_run_ootb_report_two_four_eight,,,log,ðŸ“°
reports/unfiled$public/flow_orchestration_stage_run_ootb_report_two_four_eight.report-meta.xml,A,Report unfiled$public/flow_orchestration_stage_run_ootb_report_two_four_eight,,,log,ðŸ“°
reports/unfiled$public/flow_orchestration_step_run_ootb_report_two_four_eight.report-meta.xml,A,Report unfiled$public/flow_orchestration_step_run_ootb_report_two_four_eight,,,log,ðŸ“°
reports/unfiled$public/flow_orchestration_work_item_ootb_report_two_four_eight.report-meta.xml,A,Report unfiled$public/flow_orchestration_work_item_ootb_report_two_four_eight,,,log,ðŸ“°
reports/unfiled$public/flow_screen_prebuilt_report.report-meta.xml,A,Report unfiled$public/flow_screen_prebuilt_report,,,log,ðŸ“°
samlssoconfigs/trailhead_SAML_SSO_Setting.samlssoconfig-meta.xml,A,SamlSsoConfig trailhead_SAML_SSO_Setting,,,log,ðŸ“°
searchCustomizations/testderecherche.searchCustomization-meta.xml,A,searchCustomizations/testderecherche.searchCustomization-meta.xml,,,log,ðŸ“°
serviceChannels/sfdc_livemessage.serviceChannel-meta.xml,A,ServiceChannel sfdc_livemessage,,,log,ðŸ“°
serviceChannels/web.serviceChannel-meta.xml,A,ServiceChannel web,,,log,ðŸ“°
servicePresenceStatuses/Busy.servicePresenceStatus-meta.xml,A,ServicePresenceStatus Busy,,,log,ðŸ“°
settings/Account.settings-meta.xml,A,Settings Account,,,log,ðŸ“°
settings/AccountIntelligence.settings-meta.xml,A,Settings AccountIntelligence,,,log,ðŸ“°
settings/Actions.settings-meta.xml,A,Settings Actions,,,log,ðŸ“°
settings/Activities.settings-meta.xml,A,Settings Activities,,,log,ðŸ“°
settings/Address.settings-meta.xml,A,Settings Address,,,log,ðŸ“°
settings/AgentforceForDevelopers.settings-meta.xml,A,Settings AgentforceForDevelopers,,,log,ðŸ“°
settings/Ai4m.settings-meta.xml,A,Settings Ai4m,,,log,ðŸ“°
settings/Analytics.settings-meta.xml,A,Settings Analytics,,,log,ðŸ“°
settings/Apex.settings-meta.xml,A,Settings Apex,,,log,ðŸ“°
settings/AppAnalytics.settings-meta.xml,A,Settings AppAnalytics,,,log,ðŸ“°
settings/AppExperience.settings-meta.xml,A,Settings AppExperience,,,log,ðŸ“°
settings/Blockchain.settings-meta.xml,A,Settings Blockchain,,,log,ðŸ“°
settings/Bot.settings-meta.xml,A,Settings Bot,,,log,ðŸ“°
settings/BusinessHours.settings-meta.xml,A,Settings BusinessHours,,,log,ðŸ“°
settings/Campaign.settings-meta.xml,A,Settings Campaign,,,log,ðŸ“°
settings/Case.settings-meta.xml,A,Settings Case,,,log,ðŸ“°
settings/Chatter.settings-meta.xml,A,Settings Chatter,,,log,ðŸ“°
settings/ChatterEmailsMD.settings-meta.xml,A,Settings ChatterEmailsMD,,,log,ðŸ“°
settings/Commerce.settings-meta.xml,A,Settings Commerce,,,log,ðŸ“°
settings/Communities.settings-meta.xml,A,Settings Communities,,,log,ðŸ“°
settings/Company.settings-meta.xml,A,Settings Company,,,log,ðŸ“°
settings/ConnectedApp.settings-meta.xml,A,Settings ConnectedApp,,,log,ðŸ“°
settings/Content.settings-meta.xml,A,Settings Content,,,log,ðŸ“°
settings/Contract.settings-meta.xml,A,Settings Contract,,,log,ðŸ“°
settings/ConversationalIntelligence.settings-meta.xml,A,Settings ConversationalIntelligence,,,log,ðŸ“°
settings/Currency.settings-meta.xml,A,Settings Currency,,,log,ðŸ“°
settings/CustomAddressField.settings-meta.xml,A,Settings CustomAddressField,,,log,ðŸ“°
settings/CustomerDataPlatform.settings-meta.xml,A,Settings CustomerDataPlatform,,,log,ðŸ“°
settings/CustomizablePropensityScoring.settings-meta.xml,A,Settings CustomizablePropensityScoring,,,log,ðŸ“°
settings/DataDotCom.settings-meta.xml,A,Settings DataDotCom,,,log,ðŸ“°
settings/Deployment.settings-meta.xml,A,Settings Deployment,,,log,ðŸ“°
settings/DevHub.settings-meta.xml,A,Settings DevHub,,,log,ðŸ“°
settings/Discovery.settings-meta.xml,A,Settings Discovery,,,log,ðŸ“°
settings/DocumentChecklist.settings-meta.xml,A,Settings DocumentChecklist,,,log,ðŸ“°
settings/DynamicForms.settings-meta.xml,A,Settings DynamicForms,,,log,ðŸ“°
settings/EAC.settings-meta.xml,A,Settings EAC,,,log,ðŸ“°
settings/EinsteinDealInsights.settings-meta.xml,A,Settings EinsteinDealInsights,,,log,ðŸ“°
settings/EinsteinDocumentCapture.settings-meta.xml,A,Settings EinsteinDocumentCapture,,,log,ðŸ“°
settings/EmailAdministration.settings-meta.xml,A,Settings EmailAdministration,,,log,ðŸ“°
settings/EmailIntegration.settings-meta.xml,A,Settings EmailIntegration,,,log,ðŸ“°
settings/EmailTemplate.settings-meta.xml,A,Settings EmailTemplate,,,log,ðŸ“°
settings/EmployeeFieldAccess.settings-meta.xml,A,Settings EmployeeFieldAccess,,,log,ðŸ“°
settings/EmployeeUser.settings-meta.xml,A,Settings EmployeeUser,,,log,ðŸ“°
settings/EncryptionKey.settings-meta.xml,A,Settings EncryptionKey,,,log,ðŸ“°
settings/EnhancedNotes.settings-meta.xml,A,Settings EnhancedNotes,,,log,ðŸ“°
settings/Entitlement.settings-meta.xml,A,Settings Entitlement,,,log,ðŸ“°
settings/Essentials.settings-meta.xml,A,Settings Essentials,,,log,ðŸ“°
settings/Event.settings-meta.xml,A,Settings Event,,,log,ðŸ“°
settings/ExperienceBundle.settings-meta.xml,A,Settings ExperienceBundle,,,log,ðŸ“°
settings/ExternalClientApp.settings-meta.xml,A,Settings ExternalClientApp,,,log,ðŸ“°
settings/FieldService.settings-meta.xml,A,Settings FieldService,,,log,ðŸ“°
settings/FileUploadAndDownloadSecurity.settings-meta.xml,A,Settings FileUploadAndDownloadSecurity,,,log,ðŸ“°
settings/FilesConnect.settings-meta.xml,A,Settings FilesConnect,,,log,ðŸ“°
settings/Flow.settings-meta.xml,A,Settings Flow,,,log,ðŸ“°
settings/Forecasting.settings-meta.xml,A,Settings Forecasting,,,log,ðŸ“°
settings/Formula.settings-meta.xml,A,Settings Formula,,,log,ðŸ“°
settings/GoogleApps.settings-meta.xml,A,Settings GoogleApps,,,log,ðŸ“°
settings/HighVelocitySales.settings-meta.xml,A,Settings HighVelocitySales,,,log,ðŸ“°
settings/Ideas.settings-meta.xml,A,Settings Ideas,,,log,ðŸ“°
settings/IdentityProvider.settings-meta.xml,A,Settings IdentityProvider,,,log,ðŸ“°
settings/IncidentMgmt.settings-meta.xml,A,Settings IncidentMgmt,,,log,ðŸ“°
settings/Industries.settings-meta.xml,A,Settings Industries,,,log,ðŸ“°
settings/IndustriesEinsteinFeature.settings-meta.xml,A,Settings IndustriesEinsteinFeature,,,log,ðŸ“°
settings/InvocableAction.settings-meta.xml,A,Settings InvocableAction,,,log,ðŸ“°
settings/IoT.settings-meta.xml,A,Settings IoT,,,log,ðŸ“°
settings/Knowledge.settings-meta.xml,A,Settings Knowledge,,,log,ðŸ“°
settings/KnowledgeGeneration.settings-meta.xml,A,Settings KnowledgeGeneration,,,log,ðŸ“°
settings/Language.settings-meta.xml,A,Settings Language,,,log,ðŸ“°
settings/LeadConfig.settings-meta.xml,A,Settings LeadConfig,,,log,ðŸ“°
settings/LightningExperience.settings-meta.xml,A,Settings LightningExperience,,,log,ðŸ“°
settings/LiveAgent.settings-meta.xml,A,Settings LiveAgent,,,log,ðŸ“°
settings/Macro.settings-meta.xml,A,Settings Macro,,,log,ðŸ“°
settings/MailMerge.settings-meta.xml,A,Settings MailMerge,,,log,ðŸ“°
settings/Meetings.settings-meta.xml,A,Settings Meetings,,,log,ðŸ“°
settings/Mobile.settings-meta.xml,A,Settings Mobile,,,log,ðŸ“°
settings/MyDomain.settings-meta.xml,A,Settings MyDomain,,,log,ðŸ“°
settings/Name.settings-meta.xml,A,Settings Name,,,log,ðŸ“°
settings/Notifications.settings-meta.xml,A,Settings Notifications,,,log,ðŸ“°
settings/OauthOidc.settings-meta.xml,A,Settings OauthOidc,,,log,ðŸ“°
settings/ObjectLinking.settings-meta.xml,A,Settings ObjectLinking,,,log,ðŸ“°
settings/OmniChannel.settings-meta.xml,A,Settings OmniChannel,,,log,ðŸ“°
settings/OmniChannelPricing.settings-meta.xml,A,Settings OmniChannelPricing,,,log,ðŸ“°
settings/Opportunity.settings-meta.xml,A,Settings Opportunity,,,log,ðŸ“°
settings/Order.settings-meta.xml,A,Settings Order,,,log,ðŸ“°
settings/OrderManagement.settings-meta.xml,A,Settings OrderManagement,,,log,ðŸ“°
settings/Org.settings-meta.xml,A,Settings Org,,,log,ðŸ“°
settings/Pardot.settings-meta.xml,A,Settings Pardot,,,log,ðŸ“°
settings/PardotEinstein.settings-meta.xml,A,Settings PardotEinstein,,,log,ðŸ“°
settings/PartyDataModel.settings-meta.xml,A,Settings PartyDataModel,,,log,ðŸ“°
settings/PathAssistant.settings-meta.xml,A,Settings PathAssistant,,,log,ðŸ“°
settings/Payments.settings-meta.xml,A,Settings Payments,,,log,ðŸ“°
settings/PaymentsManagementEnabled.settings-meta.xml,A,Settings PaymentsManagementEnabled,,,log,ðŸ“°
settings/Picklist.settings-meta.xml,A,Settings Picklist,,,log,ðŸ“°
settings/PlatformEncryption.settings-meta.xml,A,Settings PlatformEncryption,,,log,ðŸ“°
settings/PlatformEvent.settings-meta.xml,A,Settings PlatformEvent,,,log,ðŸ“°
settings/Portals.settings-meta.xml,A,Settings Portals,,,log,ðŸ“°
settings/PredictionBuilder.settings-meta.xml,A,Settings PredictionBuilder,,,log,ðŸ“°
settings/Privacy.settings-meta.xml,A,Settings Privacy,,,log,ðŸ“°
settings/Product.settings-meta.xml,A,Settings Product,,,log,ðŸ“°
settings/ProductDiscovery.settings-meta.xml,A,Settings ProductDiscovery,,,log,ðŸ“°
settings/QuickText.settings-meta.xml,A,Settings QuickText,,,log,ðŸ“°
settings/Quote.settings-meta.xml,A,Settings Quote,,,log,ðŸ“°
settings/RealTimeEvent.settings-meta.xml,A,Settings RealTimeEvent,,,log,ðŸ“°
settings/RecommendationBuilder.settings-meta.xml,A,Settings RecommendationBuilder,,,log,ðŸ“°
settings/RecordPage.settings-meta.xml,A,Settings RecordPage,,,log,ðŸ“°
settings/RetailExecution.settings-meta.xml,A,Settings RetailExecution,,,log,ðŸ“°
settings/Sandbox.settings-meta.xml,A,Settings Sandbox,,,log,ðŸ“°
settings/SceGlobalModelOptOut.settings-meta.xml,A,Settings SceGlobalModelOptOut,,,log,ðŸ“°
settings/Schema.settings-meta.xml,A,Settings Schema,,,log,ðŸ“°
settings/Search.settings-meta.xml,A,Settings Search,,,log,ðŸ“°
settings/Security.settings-meta.xml,A,Settings Security,,,log,ðŸ“°
settings/ServiceCloudVoice.settings-meta.xml,A,Settings ServiceCloudVoice,,,log,ðŸ“°
settings/ServiceSetupAssistant.settings-meta.xml,A,Settings ServiceSetupAssistant,,,log,ðŸ“°
settings/Sharing.settings-meta.xml,A,Settings Sharing,,,log,ðŸ“°
settings/Site.settings-meta.xml,A,Settings Site,,,log,ðŸ“°
settings/SourceTracking.settings-meta.xml,A,Settings SourceTracking,,,log,ðŸ“°
settings/Survey.settings-meta.xml,A,Settings Survey,,,log,ðŸ“°
settings/SystemNotification.settings-meta.xml,A,Settings SystemNotification,,,log,ðŸ“°
settings/Territory2.settings-meta.xml,A,Settings Territory2,,,log,ðŸ“°
settings/Trailhead.settings-meta.xml,A,Settings Trailhead,,,log,ðŸ“°
settings/TrialOrg.settings-meta.xml,A,Settings TrialOrg,,,log,ðŸ“°
settings/UserEngagement.settings-meta.xml,A,Settings UserEngagement,,,log,ðŸ“°
settings/UserInterface.settings-meta.xml,A,Settings UserInterface,,,log,ðŸ“°
settings/UserManagement.settings-meta.xml,A,Settings UserManagement,,,log,ðŸ“°
settings/Voice.settings-meta.xml,A,Settings Voice,,,log,ðŸ“°
settings/WebToX.settings-meta.xml,A,Settings WebToX,,,log,ðŸ“°
settings/WorkDotCom.settings-meta.xml,A,Settings WorkDotCom,,,log,ðŸ“°
sharingRules/Broker__c.sharingRules-meta.xml,A,SharingRules Broker__c,,,log,ðŸ“°
sharingRules/Property__c.sharingRules-meta.xml,A,SharingRules Property__c,,,log,ðŸ“°
standardValueSets/AccountContactRole.standardValueSet-meta.xml,A,StandardValueSet AccountContactRole,,,log,ðŸ“°
standardValueSets/AccountOwnership.standardValueSet-meta.xml,A,StandardValueSet AccountOwnership,,,log,ðŸ“°
standardValueSets/AccountRating.standardValueSet-meta.xml,A,StandardValueSet AccountRating,,,log,ðŸ“°
standardValueSets/AccountType.standardValueSet-meta.xml,A,StandardValueSet AccountType,,,log,ðŸ“°
standardValueSets/AssetStatus.standardValueSet-meta.xml,A,StandardValueSet AssetStatus,,,log,ðŸ“°
standardValueSets/CampaignMemberStatus.standardValueSet-meta.xml,A,StandardValueSet CampaignMemberStatus,,,log,ðŸ“°
standardValueSets/CampaignStatus.standardValueSet-meta.xml,A,StandardValueSet CampaignStatus,,,log,ðŸ“°
standardValueSets/CampaignType.standardValueSet-meta.xml,A,StandardValueSet CampaignType,,,log,ðŸ“°
standardValueSets/CaseContactRole.standardValueSet-meta.xml,A,StandardValueSet CaseContactRole,,,log,ðŸ“°
standardValueSets/CaseOrigin.standardValueSet-meta.xml,A,StandardValueSet CaseOrigin,,,log,ðŸ“°
standardValueSets/CasePriority.standardValueSet-meta.xml,A,StandardValueSet CasePriority,,,log,ðŸ“°
standardValueSets/CaseReason.standardValueSet-meta.xml,A,StandardValueSet CaseReason,,,log,ðŸ“°
standardValueSets/CaseStatus.standardValueSet-meta.xml,A,StandardValueSet CaseStatus,,,log,ðŸ“°
standardValueSets/CaseType.standardValueSet-meta.xml,A,StandardValueSet CaseType,,,log,ðŸ“°
standardValueSets/ContactRole.standardValueSet-meta.xml,A,StandardValueSet ContactRole,,,log,ðŸ“°
standardValueSets/ContractContactRole.standardValueSet-meta.xml,A,StandardValueSet ContractContactRole,,,log,ðŸ“°
standardValueSets/ContractStatus.standardValueSet-meta.xml,A,StandardValueSet ContractStatus,,,log,ðŸ“°
standardValueSets/EntitlementType.standardValueSet-meta.xml,A,StandardValueSet EntitlementType,,,log,ðŸ“°
standardValueSets/EventSubject.standardValueSet-meta.xml,A,StandardValueSet EventSubject,,,log,ðŸ“°
standardValueSets/EventType.standardValueSet-meta.xml,A,StandardValueSet EventType,,,log,ðŸ“°
standardValueSets/FiscalYearPeriodPrefix.standardValueSet-meta.xml,A,StandardValueSet FiscalYearPeriodPrefix,,,log,ðŸ“°
standardValueSets/FiscalYearQuarterName.standardValueSet-meta.xml,A,StandardValueSet FiscalYearQuarterName,,,log,ðŸ“°
standardValueSets/FiscalYearQuarterPrefix.standardValueSet-meta.xml,A,StandardValueSet FiscalYearQuarterPrefix,,,log,ðŸ“°
standardValueSets/Industry.standardValueSet-meta.xml,A,StandardValueSet Industry,,,log,ðŸ“°
standardValueSets/LeadSource.standardValueSet-meta.xml,A,StandardValueSet LeadSource,,,log,ðŸ“°
standardValueSets/LeadStatus.standardValueSet-meta.xml,A,StandardValueSet LeadStatus,,,log,ðŸ“°
standardValueSets/OpportunityStage.standardValueSet-meta.xml,A,StandardValueSet OpportunityStage,,,log,ðŸ“°
standardValueSets/OpportunityType.standardValueSet-meta.xml,A,StandardValueSet OpportunityType,,,log,ðŸ“°
standardValueSets/OrderStatus.standardValueSet-meta.xml,A,StandardValueSet OrderStatus,,,log,ðŸ“°
standardValueSets/PartnerRole.standardValueSet-meta.xml,A,StandardValueSet PartnerRole,,,log,ðŸ“°
standardValueSets/ProcessExceptionCategory.standardValueSet-meta.xml,A,StandardValueSet ProcessExceptionCategory,,,log,ðŸ“°
standardValueSets/ProcessExceptionPriority.standardValueSet-meta.xml,A,StandardValueSet ProcessExceptionPriority,,,log,ðŸ“°
standardValueSets/ProcessExceptionSeverity.standardValueSet-meta.xml,A,StandardValueSet ProcessExceptionSeverity,,,log,ðŸ“°
standardValueSets/ProcessExceptionStatus.standardValueSet-meta.xml,A,StandardValueSet ProcessExceptionStatus,,,log,ðŸ“°
standardValueSets/Product2Family.standardValueSet-meta.xml,A,StandardValueSet Product2Family,,,log,ðŸ“°
standardValueSets/QuantityUnitOfMeasure.standardValueSet-meta.xml,A,StandardValueSet QuantityUnitOfMeasure,,,log,ðŸ“°
standardValueSets/QuickTextCategory.standardValueSet-meta.xml,A,StandardValueSet QuickTextCategory,,,log,ðŸ“°
standardValueSets/QuickTextChannel.standardValueSet-meta.xml,A,StandardValueSet QuickTextChannel,,,log,ðŸ“°
standardValueSets/QuoteStatus.standardValueSet-meta.xml,A,StandardValueSet QuoteStatus,,,log,ðŸ“°
standardValueSets/Salutation.standardValueSet-meta.xml,A,StandardValueSet Salutation,,,log,ðŸ“°
standardValueSets/ServiceContractApprovalStatus.standardValueSet-meta.xml,A,StandardValueSet ServiceContractApprovalStatus,,,log,ðŸ“°
standardValueSets/SolutionStatus.standardValueSet-meta.xml,A,StandardValueSet SolutionStatus,,,log,ðŸ“°
standardValueSets/TaskPriority.standardValueSet-meta.xml,A,StandardValueSet TaskPriority,,,log,ðŸ“°
standardValueSets/TaskStatus.standardValueSet-meta.xml,A,StandardValueSet TaskStatus,,,log,ðŸ“°
standardValueSets/TaskSubject.standardValueSet-meta.xml,A,StandardValueSet TaskSubject,,,log,ðŸ“°
standardValueSets/TaskType.standardValueSet-meta.xml,A,StandardValueSet TaskType,,,log,ðŸ“°
standardValueSets/WorkOrderLineItemStatus.standardValueSet-meta.xml,A,StandardValueSet WorkOrderLineItemStatus,,,log,ðŸ“°
standardValueSets/WorkOrderPriority.standardValueSet-meta.xml,A,StandardValueSet WorkOrderPriority,,,log,ðŸ“°
standardValueSets/WorkOrderStatus.standardValueSet-meta.xml,A,StandardValueSet WorkOrderStatus,,,log,ðŸ“°
staticresources/leaflet.resource-meta.xml,A,StaticResource leaflet,,,log,ðŸ“°
staticresources/leaflet/images/layers-2x.png,A,StaticResource leaflet/images/layers-2x.png,,,log,ðŸ“°
staticresources/leaflet/images/layers.png,A,StaticResource leaflet/images/layers.png,,,log,ðŸ“°
staticresources/leaflet/images/marker-icon-2x.png,A,StaticResource leaflet/images/marker-icon-2x.png,,,log,ðŸ“°
staticresources/leaflet/images/marker-icon.png,A,StaticResource leaflet/images/marker-icon.png,,,log,ðŸ“°
staticresources/leaflet/images/marker-shadow.png,A,StaticResource leaflet/images/marker-shadow.png,,,log,ðŸ“°
staticresources/leaflet/leaflet-src.js,A,StaticResource leaflet/leaflet-src.js,,,log,ðŸ“°
staticresources/leaflet/leaflet-src.map,A,StaticResource leaflet/leaflet-src.map,,,log,ðŸ“°
staticresources/leaflet/leaflet.css,A,StaticResource leaflet/leaflet.css,,,log,ðŸ“°
staticresources/leaflet/leaflet.js,A,StaticResource leaflet/leaflet.js,,,log,ðŸ“°
staticresources/sample_data_brokers.json,A,StaticResource sample_data_brokers.json,,,log,ðŸ“°
staticresources/sample_data_brokers.resource-meta.xml,A,StaticResource sample_data_brokers,,,log,ðŸ“°
staticresources/sample_data_contacts.json,A,StaticResource sample_data_contacts.json,,,log,ðŸ“°
staticresources/sample_data_contacts.resource-meta.xml,A,StaticResource sample_data_contacts,,,log,ðŸ“°
staticresources/sample_data_properties.json,A,StaticResource sample_data_properties.json,,,log,ðŸ“°
staticresources/sample_data_properties.resource-meta.xml,A,StaticResource sample_data_properties,,,log,ðŸ“°
tabs/Broker__c.tab-meta.xml,A,CustomTab Broker__c,,,log,ðŸ“°
tabs/Property_Explorer.tab-meta.xml,A,CustomTab Property_Explorer,,,log,ðŸ“°
tabs/Property_Finder.tab-meta.xml,A,CustomTab Property_Finder,,,log,ðŸ“°
tabs/Property__c.tab-meta.xml,A,CustomTab Property__c,,,log,ðŸ“°
tabs/Settings.tab-meta.xml,A,CustomTab Settings,,,log,ðŸ“°
territory2Models/Europe/Europe.territory2Model-meta.xml,A,Territory2Model Europe/Europe,,,log,ðŸ“°
testSuites/test_exemple.testSuite-meta.xml,A,ApexTestSuite test_exemple,,,log,ðŸ“°
topicsForObjects/Account.topicsForObjects-meta.xml,A,TopicsForObjects Account,,,log,ðŸ“°
topicsForObjects/Asset.topicsForObjects-meta.xml,A,TopicsForObjects Asset,,,log,ðŸ“°
topicsForObjects/Broker__c.topicsForObjects-meta.xml,A,TopicsForObjects Broker__c,,,log,ðŸ“°
topicsForObjects/Campaign.topicsForObjects-meta.xml,A,TopicsForObjects Campaign,,,log,ðŸ“°
topicsForObjects/Case.topicsForObjects-meta.xml,A,TopicsForObjects Case,,,log,ðŸ“°
topicsForObjects/ChangeRequest.topicsForObjects-meta.xml,A,TopicsForObjects ChangeRequest,,,log,ðŸ“°
topicsForObjects/Contact.topicsForObjects-meta.xml,A,TopicsForObjects Contact,,,log,ðŸ“°
topicsForObjects/ContentDocument.topicsForObjects-meta.xml,A,TopicsForObjects ContentDocument,,,log,ðŸ“°
topicsForObjects/Contract.topicsForObjects-meta.xml,A,TopicsForObjects Contract,,,log,ðŸ“°
topicsForObjects/Event.topicsForObjects-meta.xml,A,TopicsForObjects Event,,,log,ðŸ“°
topicsForObjects/House__c.topicsForObjects-meta.xml,A,TopicsForObjects House__c,,,log,ðŸ“°
topicsForObjects/Incident.topicsForObjects-meta.xml,A,TopicsForObjects Incident,,,log,ðŸ“°
topicsForObjects/Knowledge__kav.topicsForObjects-meta.xml,A,TopicsForObjects Knowledge__kav,,,log,ðŸ“°
topicsForObjects/Lead.topicsForObjects-meta.xml,A,TopicsForObjects Lead,,,log,ðŸ“°
topicsForObjects/LinkedArticle.topicsForObjects-meta.xml,A,TopicsForObjects LinkedArticle,,,log,ðŸ“°
topicsForObjects/Opportunity.topicsForObjects-meta.xml,A,TopicsForObjects Opportunity,,,log,ðŸ“°
topicsForObjects/Order.topicsForObjects-meta.xml,A,TopicsForObjects Order,,,log,ðŸ“°
topicsForObjects/Problem.topicsForObjects-meta.xml,A,TopicsForObjects Problem,,,log,ðŸ“°
topicsForObjects/Property__c.topicsForObjects-meta.xml,A,TopicsForObjects Property__c,,,log,ðŸ“°
topicsForObjects/ServiceResource.topicsForObjects-meta.xml,A,TopicsForObjects ServiceResource,,,log,ðŸ“°
topicsForObjects/ServiceResourceSkill.topicsForObjects-meta.xml,A,TopicsForObjects ServiceResourceSkill,,,log,ðŸ“°
topicsForObjects/Solution.topicsForObjects-meta.xml,A,TopicsForObjects Solution,,,log,ðŸ“°
topicsForObjects/Task.topicsForObjects-meta.xml,A,TopicsForObjects Task,,,log,ðŸ“°
topicsForObjects/WorkOrder.topicsForObjects-meta.xml,A,TopicsForObjects WorkOrder,,,log,ðŸ“°
topicsForObjects/WorkOrderLineItem.topicsForObjects-meta.xml,A,TopicsForObjects WorkOrderLineItem,,,log,ðŸ“°
topicsForObjects/WorkPlan.topicsForObjects-meta.xml,A,TopicsForObjects WorkPlan,,,log,ðŸ“°
topicsForObjects/WorkPlanTemplate.topicsForObjects-meta.xml,A,TopicsForObjects WorkPlanTemplate,,,log,ðŸ“°
topicsForObjects/WorkPlanTemplateEntry.topicsForObjects-meta.xml,A,TopicsForObjects WorkPlanTemplateEntry,,,log,ðŸ“°
topicsForObjects/WorkStep.topicsForObjects-meta.xml,A,TopicsForObjects WorkStep,,,log,ðŸ“°
topicsForObjects/WorkStepTemplate.topicsForObjects-meta.xml,A,TopicsForObjects WorkStepTemplate,,,log,ðŸ“°
translations/de.translation-meta.xml,A,Translations de,,,log,ðŸ“°
translations/en_US.translation-meta.xml,A,Translations en_US,,,log,ðŸ“°
translations/es_MX.translation-meta.xml,A,Translations es_MX,,,log,ðŸ“°
translations/fr.translation-meta.xml,A,Translations fr,,,log,ðŸ“°
translations/ja.translation-meta.xml,A,Translations ja,,,log,ðŸ“°
translations/ko.translation-meta.xml,A,Translations ko,,,log,ðŸ“°
translations/pt_BR.translation-meta.xml,A,Translations pt_BR,,,log,ðŸ“°
translations/zh_CN.translation-meta.xml,A,Translations zh_CN,,,log,ðŸ“°
useraccesspolicies/test_policy.useraccesspolicy-meta.xml,A,UserAccessPolicy test_policy,,,log,ðŸ“°
useraccesspolicies/user_ca.useraccesspolicy-meta.xml,A,UserAccessPolicy user_ca,,,log,ðŸ“°
hardis-report/legacy-api-calls-master.csv,A,hardis-report/legacy-api-calls-master.csv,,,log,ðŸ“°
hardis-report/org-limits-master.csv,A,hardis-report/org-limits-master.csv,,,log,ðŸ“°
hardis-report/release-updates-master.csv,A,hardis-report/release-updates-master.csv,,,log,ðŸ“°
hardis-report/xls/org-limits-master.xlsx,A,hardis-report/xls/org-limits-master.xlsx,,,log,ðŸ“°
hardis-report/xls/release-updates-master.xlsx,A,hardis-report/xls/release-updates-master.xlsx,,,log,ðŸ“°
installedPackages/BOTanicalsMP.json,A,InstalledPackage BOTanicalsMP.json,,,log,ðŸ“°
installedPackages/Code Builder.json,A,InstalledPackage Code Builder.json,,,log,ðŸ“°
installedPackages/DreamhouseLWC.json,A,InstalledPackage DreamhouseLWC.json,,,log,ðŸ“°
installedPackages/Einstein Article Recommendations Value.json,A,InstalledPackage Einstein Article Recommendations Value.json,,,log,ðŸ“°
installedPackages/Lightning Connect Quickstart.json,A,InstalledPackage Lightning Connect Quickstart.json,,,log,ðŸ“°
installedPackages/Salesforce Connected Apps.json,A,InstalledPackage Salesforce Connected Apps.json,,,log,ðŸ“°
installedPackages/Trailhead Playground.json,A,InstalledPackage Trailhead Playground.json,,,log,ðŸ“°
manifest/package-all-org-items.xml,A,manifest/package-all-org-items.xml,,,log,ðŸ“°
manifest/package-backup-items.xml,A,manifest/package-backup-items.xml,,,log,ðŸ“°